V1,V2,V3,V4,V5,V6
0.517451502,6.129643728,4.749147099,4.496208161,7.3450794,57.97369239
0.53274293,6.406656269,4.00519901,5.625072729,4.296064968,30.70852473
0.382995501,6.601556423,4.401139814,6.440357739,5.754465163,43.2522762
2.092489727,3.726025254,4.350784046,5.444908299,7.680104794,49.17568436
-0.548810269,5.998112856,3.218803489,5.842006092,7.460365247,62.67581799
-1.059566884,7.314533507,4.429286561,3.934043939,7.41388197,69.93095006
0.549881938,6.938842213,4.537881429,6.400260292,6.526776367,54.29071967
-0.043835671,5.006223109,3.431048794,4.899462214,6.62876636,42.50252595
-1.530184449,7.25647166,2.424364902,7.14273932,6.5908824,62.81626655
-0.54991437,5.834903161,4.862995658,6.893731614,6.013343433,40.58880073
-0.604771094,6.9282177,3.270925676,6.965355197,9.172100832,105.7372554
0.902159413,6.765697303,2.585871774,5.013312646,6.239103098,50.83808862
1.648474834,6.34864431,4.471852656,7.274487047,6.881714188,54.07580512
0.891797405,5.896679574,3.498538978,5.743434728,7.467688919,60.50496015
-1.887694761,3.678478097,5.243039761,5.566944628,5.424279741,22.03066212
0.231825567,6.395640358,5.323582994,5.664048382,7.34442962,60.19141148
-1.439043586,6.596274987,3.314449786,4.956125777,7.091900298,61.34705863
0.264343385,6.88037421,3.103262103,6.625883753,6.593387262,56.95021867
-0.560340398,6.784834627,2.902673364,6.308213742,5.010996063,41.01435711
-2.011410657,5.554313276,3.760668171,6.619316776,8.016725985,70.31195405
0.961663327,4.791094804,2.620494298,5.73474398,6.083511701,35.71785736
0.432908011,6.49737202,5.290611442,7.507841299,7.299794181,61.4812333
0.127317327,6.973905617,4.32948451,5.470710094,7.537870003,69.27706478
0.029966777,7.210082089,3.704209225,6.058497131,4.730189451,40.98861162
-0.877030722,5.941803276,4.932529347,5.918496555,6.824438758,50.6472869
0.024424773,6.995679694,4.293573725,7.735700857,6.370733099,54.59657109
0.340226516,6.66356829,4.054315476,8.16694977,5.297234777,41.29642463
2.690504621,7.917305651,3.731710293,5.639231721,7.350632277,73.76237029
1.832120941,7.112646233,3.104887766,7.787085613,6.031536156,51.92196656
1.091785302,6.027517697,2.422665928,5.175579614,5.917407252,41.87701777
0.937096296,7.671655803,4.271760482,8.040335191,6.885249769,66.67498008
0.059187528,6.788257821,4.114963929,6.196671667,5.313316195,41.27083577
0.691094172,5.63320862,3.810051256,5.791297606,7.525984435,59.41794499
-0.038217561,7.800996802,4.450093556,6.815822709,8.051507619,86.88013025
1.016995583,6.206054889,2.942763175,5.310047071,7.097791776,57.31817864
-0.275646031,6.469358512,4.591340218,7.943423546,5.568184537,41.74709567
0.645541567,5.207680517,3.442432353,6.071808379,7.484074867,56.6748025
1.047987749,7.131646742,3.176115585,6.865748985,5.759871547,49.18984308
-1.939700785,5.530487213,3.863267748,6.289927655,6.281413032,43.39961686
0.250930277,4.771919317,3.75417132,6.513355697,7.142651472,48.86756636
0.598667377,6.209924974,5.243333131,6.747951331,7.482533402,61.56389193
-1.969626064,6.794820369,2.259832668,5.732558336,6.661172944,59.40507005
2.179715999,6.327052051,4.124463472,5.454960001,8.376503039,78.5081848
0.561612988,5.940250353,3.48732066,5.903853809,5.874323417,40.17756538
1.404897393,6.11927257,3.259549588,5.189229972,6.010208987,42.04617904
1.271621753,5.850349809,3.570474311,5.875074923,9.799008892,111.5556259
-0.417938306,5.164864163,3.683110727,7.271617142,6.186676525,39.74121629
-1.438556711,6.165361645,2.820002659,6.220073152,7.688752321,69.24988283
-0.359010198,4.1671782,5.520256354,7.322707348,7.308478087,46.70057975
2.043735966,6.458547444,4.203496303,6.282716265,6.491056795,49.3119415
-0.575968047,5.932558047,4.143389476,4.172490987,7.12387424,54.49056996
-0.173833809,7.504543479,3.768952558,6.339778101,6.971735925,66.80593251
0.257684408,7.957289966,4.911301179,6.797328605,8.054473406,87.48328677
1.009690644,6.273823888,3.970596746,6.793889272,7.489569258,63.62126029
0.372115995,5.387803989,2.170506034,5.313347443,7.106298858,53.21110245
-0.81557006,6.205881334,4.517200299,6.474031403,7.73278266,67.74615003
0.792439264,7.359760975,2.345547837,4.707965317,8.425540566,91.12806795
0.167165354,5.132834612,4.072009553,6.081840232,6.62887006,43.10339823
-0.032955904,4.538349429,3.530246802,7.237478295,5.886248474,32.73545945
1.866619241,6.640189159,4.261664275,7.18761864,9.090914908,98.31128239
-1.508886836,5.780415726,4.514080784,6.691346481,5.153315711,33.32283548
0.244500707,5.678848392,3.277957694,6.209029424,7.090951211,54.17060649
1.372317919,5.750635156,2.641031433,5.147103083,8.156007804,72.3055635
-0.55554227,4.670186995,3.808862925,5.73064787,7.144815959,48.26680896
0.27200717,6.67871425,4.611376225,6.615726479,7.467000697,66.13135838
-0.242855604,4.767338937,3.024027611,5.21501823,7.951173697,62.81185185
0.763043087,6.722987547,4.549368512,3.606418167,7.900722433,71.63370523
0.959869265,6.280287783,2.501031363,8.276975967,6.138703026,48.05187794
-0.36259722,6.765513134,5.057151396,3.799647323,6.471228804,50.44506952
0.989104108,5.416512463,3.813516002,6.831249283,8.685884464,80.97186355
0.224333766,7.513489616,4.133204567,6.255085081,8.349607105,89.86234615
-0.201433029,6.52820294,2.904755849,7.36774051,4.955708381,38.92624967
0.127451478,7.597635591,4.11665488,5.594692209,7.242551246,70.55943721
-1.163781565,6.718695501,4.845100977,5.990263621,5.060355144,38.40092258
1.265056494,5.698128152,2.972547762,5.337278891,4.767368395,28.92344515
0.628142911,4.07969094,2.755509786,3.321572859,7.609901513,51.53089894
-1.229094191,5.756804107,4.17676062,6.182243237,6.842822833,51.08407136
0.162139752,7.57232376,4.501836911,3.77795909,8.111236494,83.55196174
-0.801540013,6.733003381,3.989211319,6.100300797,6.231315188,50.64113925
2.016201899,5.261619876,4.802603054,5.857774069,5.601124338,29.96437385
0.091587937,7.741699674,4.097287471,6.352923253,4.423335459,43.38834056
0.866757949,6.713667692,4.363356943,6.115824218,6.471463678,51.55536537
1.422995234,5.265787487,3.930548624,4.493221864,7.103264202,48.68424778
1.4069718,6.987376919,5.158097641,4.023499377,6.723036789,54.15078459
0.075579906,6.467726003,3.431133507,6.315813443,7.069098565,59.63442252
1.022198111,7.102700622,3.024609095,6.257727541,6.106523669,52.39789356
0.114430502,6.679351951,3.189645154,6.58983836,7.407219222,67.05807948
2.566662686,7.798115098,4.978974336,6.321831161,6.565337279,60.23094855
1.456760893,6.255078842,4.039899734,7.272732937,5.523316152,38.65709771
0.669556775,4.416429252,2.324996207,7.312066105,6.554517654,40.87509945
1.79243378,5.775827959,3.9002842,4.678858658,8.723409127,81.98159037
2.120630734,8.309463451,2.806773465,5.483375479,8.124296429,92.82436033
1.195532616,6.328471101,5.143043663,6.770844333,4.901723824,32.57146836
0.722587111,5.444710817,2.299592114,5.02203276,4.495724223,26.56997928
-0.484006909,5.622708378,3.260192257,4.738307299,7.526931331,60.29102699
0.886813611,7.538743729,5.155930426,6.632848568,6.189067464,54.59225434
0.599461199,8.052856441,2.947214683,5.521070111,6.891491243,70.8026274
-0.991626251,5.512591086,6.015411915,6.423507251,8.139055497,68.43739279
0.093946435,5.105258372,4.652122748,7.022826237,6.657972471,43.20258535
0.624169153,4.184650609,5.770114391,5.9721806,8.609754074,69.27945391
-0.497951978,6.129786363,7.596471523,5.881008196,6.593129167,44.92813664
0.331056231,5.60105008,4.237076408,5.614843742,6.935708954,49.61502884
-0.982103815,6.999782536,3.016758688,4.934193155,7.007607853,63.48553443
-0.659661568,6.989008024,5.358360546,7.46322139,7.09614674,63.02463476
0.810035131,4.509382646,2.825726818,6.397477471,7.453917601,53.036196
-0.81476076,6.409935862,3.39641527,6.553009012,6.824234169,56.59014084
1.283729745,5.668502889,3.949573329,5.66375843,6.548620714,44.64807314
0.564443572,6.33325334,2.969411319,6.27889142,5.598434598,41.43068071
1.148951144,5.37735072,4.275755807,5.710790409,6.096603043,37.09097272
-0.773346537,5.964852766,3.704639396,7.38574966,6.396242076,47.80171907
-1.171414782,7.79121021,2.804467947,7.37467444,5.964980317,59.78677965
-0.704475575,8.241658081,6.345147128,7.426888354,8.502369426,98.58469341
0.645311313,5.958338651,3.772501299,6.346036756,6.16830634,43.36593384
-0.293854939,6.538793866,3.220283,5.29120331,6.30926476,50.01381169
-0.016573243,5.300248522,4.104498868,6.520128521,8.776976605,82.47438484
0.598988994,5.858506348,4.008565129,5.251122369,6.159297188,41.52415062
1.255030857,7.864887388,5.162397222,5.099480522,7.4327649,73.38823734
0.958336361,7.213362397,4.538883179,5.162420607,6.188491181,51.45930792
0.277566759,5.308759716,3.660067076,6.700308753,5.982381754,37.57439483
0.372382795,6.128364133,4.592673951,5.822850549,8.231971464,75.09691089
0.351940533,4.766920791,6.110637077,7.114278289,5.546628197,26.84821537
-0.297778144,7.009403557,5.704350099,7.099533536,7.757973236,73.06682539
1.718531171,6.438360261,5.201819771,6.396657039,6.776840361,51.73190057
0.582589708,7.16318047,4.308511985,5.323393512,7.048919087,62.83088738
1.53636457,6.635548563,3.222926098,3.698931239,6.108882835,46.14231882
-0.202876856,5.298071075,4.518956663,4.657191813,6.737254345,44.28839552
1.244412835,6.708897196,4.42629437,7.651363045,8.411787667,84.10841075
0.522555761,5.683379555,3.901135939,4.717478989,6.738751096,47.14721255
-0.007076159,6.137192302,3.252080291,6.339461547,6.241768088,46.6489643
0.559818478,6.438023631,4.575906,6.517473186,5.469209612,39.0011951
0.907523028,7.94838725,3.100875495,5.828919811,6.367332978,62.72032435
-1.005325764,6.272543569,4.833833635,5.159420946,6.850178813,53.16569621
0.682926346,5.50223492,5.098670667,6.941509277,7.33468729,54.46366027
0.607563468,4.278256495,4.264889051,5.243984398,7.286458315,46.47346085
0.359687318,8.090369158,4.47460832,7.053624883,7.650470767,82.10448583
-1.170751742,5.676780167,4.140149365,6.923053502,7.590976895,62.54631924
-1.501751725,6.233477291,4.403744258,6.849576038,7.815273561,70.25957577
1.808536888,5.831623002,4.143011973,6.974408924,5.607328812,35.79371507
-1.234502075,6.673653671,3.133100021,7.843753625,7.616014151,72.4544845
-0.348118638,5.914066658,5.471582149,4.805074168,4.008954468,23.66762205
0.311723837,6.854161106,2.821579874,6.280035937,6.22699432,52.35680482
-0.238520121,5.044686076,5.342639771,6.803988284,6.613477416,41.39531079
-0.14765778,7.643287214,3.441471946,6.225942036,6.517403899,62.26894448
0.164215555,4.821770199,5.114886632,7.010132036,6.712533754,41.54533421
1.163235463,7.32258856,3.875427863,6.884734484,6.731107247,61.00310134
0.802200708,5.90876735,5.254845474,5.808994684,6.45505776,43.84552449
0.866417214,4.558103607,3.675926236,7.356939528,7.968610014,61.83041847
-1.134372204,5.242435605,5.811710305,6.878382011,7.56816375,56.97294858
0.199290754,4.915417371,2.641790242,7.507149469,8.874570696,84.74970749
1.403211662,6.686766979,4.212143024,6.678833911,5.869150014,44.79585222
1.86050347,5.885741945,4.397737987,6.967412121,6.719900468,48.23382483
-0.004456294,6.67099509,2.179617259,5.139535076,7.487671042,68.86753404
1.780276231,7.756541679,2.803984603,5.210604908,5.182358317,48.49502987
0.702512556,6.396440291,2.674049204,5.019831701,7.513685957,65.75394055
1.792375651,8.63442558,3.516188771,6.715745014,7.505889235,85.16261916
-0.487876643,6.467488406,4.452128941,6.785756538,5.946608177,44.94452395
0.069862284,3.866800518,3.48627594,5.336082679,7.218253489,44.918472
0.258705754,5.237089655,1.057268104,6.254784122,6.83812382,50.67108394
-1.050666858,7.487585638,3.967323078,3.439656888,7.222663519,68.71170129
1.064004113,6.519902269,2.160479687,7.343707513,8.356827816,84.46113296
0.679532968,6.872575465,5.949475589,7.043402575,6.630833936,53.56036643
1.711521408,5.903910417,4.224813349,7.25564503,6.475095342,45.79505056
0.369647675,7.895845448,4.125092269,6.120787482,6.566458362,63.91345967
0.738435287,5.203738799,2.749208728,5.504124398,6.332410008,40.8402008
0.620855442,4.974450945,5.630657447,6.359786348,7.247790302,48.71567661
1.492391198,7.962896321,3.39145563,6.465978927,6.080409669,59.16453992
-1.268385007,6.054835962,5.935124416,5.844103403,6.50573693,46.14285124
1.641453575,5.767195206,3.516446716,7.063713991,6.624771928,47.51696848
1.559787103,5.876480506,3.704030054,6.190204779,6.612303029,47.43036943
1.576134854,4.993876729,2.651563874,3.750799659,5.991075239,34.03043976
-0.020208062,7.986794814,5.66985886,7.676112488,6.502743045,63.17602128
1.593528244,5.730767177,4.186677154,4.822925231,6.882348516,48.3542091
1.461429741,8.237407337,2.935423216,5.29747401,5.547684988,56.38685195
0.51593187,5.566858641,2.469654839,5.01599438,7.759927405,64.33359408
-0.207549196,6.557405297,4.286418515,5.436077829,8.544038296,85.40449765
0.396529135,6.86075029,5.027968551,6.536399406,6.551288106,53.51126581
-0.215675262,4.625022387,4.810481125,8.781327201,6.32078115,37.33540159
-0.202491652,6.879841005,3.361945701,7.821455403,6.957520034,62.71085537
-0.309353438,5.658695277,3.108190609,6.790476303,5.092330418,33.09518029
-0.852702402,7.795144647,3.601064637,6.859610482,4.817245656,48.159769
-0.084436399,5.917189605,4.356922228,5.042988631,7.969627302,68.62593817
0.535991682,7.02179559,3.863080911,5.631398065,5.068906065,40.9419782
0.331355163,7.820617762,2.88810321,6.630177837,3.577827245,41.86382051
1.670701611,4.433737726,3.44006917,5.851188005,7.092453515,45.15903657
0.272560037,5.471532215,4.24960619,4.970261354,7.892715785,63.90552546
0.621309884,5.973338318,4.482740944,5.200404411,5.341271338,33.63018929
1.225356632,5.731054615,4.530803168,5.541327804,7.351733688,55.73890115
0.149493935,5.628261299,5.276556841,6.108862389,6.478557713,42.90675677
-1.603402497,5.512261311,3.037584893,5.622515888,5.561322551,36.20875859
-0.847690589,6.831527488,3.452922725,4.45588737,5.492241287,43.51920571
-0.27933295,6.886442555,3.975558753,6.137013453,5.841323684,47.26775663
0.762019547,5.484510806,3.396325411,4.545929982,5.876355227,36.11817787
0.344967927,5.3152609,4.391562783,6.563579642,7.440887045,55.89707221
1.253473725,6.967174205,3.538730585,6.379841415,7.178319718,64.379942
1.679308305,7.303665328,4.791771009,5.446231412,5.257536149,42.58337471
0.959438095,5.505817172,5.235098128,5.09040939,7.555614478,56.50613275
-0.499237727,6.967650044,4.098313293,6.589482687,7.860778412,76.54775837
1.131958951,7.061722537,5.958206211,4.851450657,7.716700166,69.88041987
1.176434298,5.313674872,1.340107707,7.446810762,7.949879668,68.80070879
2.045729929,5.97321725,5.583412612,6.229587785,6.60788105,45.1698111
0.627175359,6.633454248,4.394809196,5.962541379,8.063820717,75.84905526
-1.4136596,5.507479425,4.401121643,7.087486198,6.975797547,51.71653921
0.552882184,5.753071315,3.355455385,6.362029697,5.878713969,39.40078099
2.183467021,6.128842886,4.746006504,5.214747693,7.532905119,60.36765656
0.670472798,4.842057273,5.477452172,6.258709376,6.663867836,39.61239695
2.536109519,6.750801068,3.001983176,5.837897103,7.321970623,64.25271219
1.904782711,5.810717413,4.570543,5.048815778,9.404647702,98.03929894
0.533163493,6.836264977,3.239232918,7.60135126,4.676502864,38.7338685
0.698836284,5.444794196,3.114858413,5.878773108,7.573585772,59.96237438
0.363796746,6.976182201,3.428746446,5.357388134,7.613958672,71.6584553
-0.764634221,6.639686196,2.835506393,6.233560384,6.380926912,53.20335376
0.385051309,6.498667345,4.586204168,6.325927153,5.653255728,41.05430764
1.86144583,6.336327966,5.556482617,4.348426599,7.151425972,54.17909105
0.565258549,5.640813607,2.84152358,6.439740232,6.833944765,50.77901399
0.406781685,6.395860635,5.638151493,5.406273748,6.982230189,54.11191887
0.661074157,7.579326176,2.988687649,7.100518131,5.390956142,50.49707124
-0.967194981,7.520829049,3.003153925,4.78205765,6.310379201,58.75267363
0.378284879,5.848950879,3.55683547,6.147811389,5.907914686,40.06599145
-1.727742944,5.1740345,3.760762293,7.302635735,6.357264354,42.61517225
0.655836057,6.268980537,3.352138224,4.919565978,5.64429812,39.76511066
0.746089811,6.33060876,4.358606708,8.2627625,6.365077897,48.78370673
2.014983933,5.107203633,2.875322571,6.379597668,6.873817799,46.78472471
0.225935913,6.449421231,2.911423034,6.054708378,6.275306363,49.55867562
-1.026544427,5.158516215,3.993358138,5.378998149,6.065623366,37.06514405
0.575879282,6.797763632,3.564070708,6.900104063,7.103368357,62.63595002
0.075630253,6.389488693,5.485087667,6.211508537,6.885039091,53.63904871
-1.060983427,5.994609822,4.60241447,6.191938759,6.899205181,52.80613967
2.334245473,5.834032116,3.298052133,5.465267447,5.728772019,36.62355775
0.70105153,6.445370583,3.583968528,4.568178485,5.765006585,41.69254091
-1.871787763,5.882370371,3.484788454,6.254381863,6.495896951,48.84102494
0.622566082,7.649511822,6.674863675,5.551785567,7.709065595,74.76086412
-0.050465063,6.978766784,2.700206244,6.853692675,6.534209614,57.98164754
0.389263502,6.857891818,5.338732612,6.322530589,8.026278344,76.18133872
0.404611493,6.834692406,3.815229159,6.885191964,7.744073742,73.1893539
0.348156374,5.734378361,3.588580321,5.808212635,7.855888758,66.48235489
-0.028044603,4.155465059,4.987260233,6.390753429,6.233975642,31.91242031
1.817843429,4.998108284,4.153691912,6.697026987,5.937807884,33.27892362
-0.648782436,7.109964359,3.444612087,6.717541448,6.029692515,52.55642568
0.585776868,6.058265896,5.354058611,7.130522859,7.556052837,61.84470172
1.637485583,5.776668119,4.65533685,4.696867213,7.531723099,57.88559825
0.673164514,6.316829803,5.624697881,4.44008113,5.637049802,36.61583015
1.144757169,4.677602658,3.189653652,7.318655552,4.830025527,24.11359794
-0.408246155,8.066882986,4.115408669,4.89990311,7.281833288,75.48561079
1.801604634,7.206862222,3.648322596,5.070486089,5.164549523,42.12027601
1.721094408,4.991980075,2.55630364,7.136128303,6.525512242,42.5459667
-0.759966751,6.207631785,4.045176613,5.529236804,7.776209068,68.36825792
0.375744927,5.655475883,4.246716335,6.394760022,6.213056814,41.13081244
1.832541393,6.288604418,4.794147371,4.759688334,7.098784321,54.59224101
1.37605918,6.543117811,4.48398929,6.594856495,6.197627018,46.66048075
0.263083731,5.172678101,5.193032795,5.250209995,6.527129231,39.98780731
1.670655661,5.511131263,3.674854407,5.978701929,7.031937244,50.43407712
1.809500827,8.270923038,4.994468739,6.365179255,6.749085911,67.87555977
0.038505356,6.077770454,5.081285677,6.155436809,6.294019219,44.17041193
-0.297164353,5.367551354,4.984684702,5.067925714,7.814062709,61.40756244
-0.265763301,6.27989254,3.294219187,4.069385755,7.250818317,59.7417428
1.45459774,7.128540079,4.888841746,5.54948849,7.803495953,73.63850451
-0.028977863,7.371345209,2.683507863,5.724864995,6.388731766,58.75220458
1.490210136,6.967664909,3.799319327,5.970368861,5.882597988,47.29647431
0.552915201,5.559851574,4.028028118,3.305201499,6.359843906,40.30602665
0.963986629,6.883272097,4.126712523,6.12313659,5.084552394,39.50933728
-0.596269359,6.323591704,4.522840572,6.310303339,6.10164239,45.15714314
-0.296350529,6.151339075,4.628221119,5.919239799,6.35161661,46.11189843
0.732612932,4.826094042,6.275459853,6.641796748,7.766989194,55.67273202
0.301630855,5.50554135,4.164429171,8.137017164,7.123112541,53.61499219
1.236263094,6.646689587,3.631233984,7.02190689,8.088928051,77.73648628
0.145639415,5.395705935,5.825143459,7.787850201,7.937767814,64.15754895
0.327200152,4.881155892,3.138313854,6.253627231,7.194885899,50.89650594
0.710585118,6.558864587,4.29592662,5.375975105,5.268247448,37.77204702
0.926258554,6.139770356,4.967418075,6.685084083,8.056470962,71.36844235
0.940766707,6.187578991,4.574002076,6.520715594,5.349580287,35.80551758
1.394812054,6.02212475,5.058229835,6.654852022,7.497408823,60.1266216
1.855019543,6.577740854,3.891838103,6.526319874,5.72693113,42.46440677
1.577544337,3.701246311,3.094468478,5.705975046,7.175771578,43.21781854
0.356622429,5.974299272,3.216543472,5.281022323,5.081000127,33.48261037
-1.470804108,4.677835496,3.442096072,7.215781905,6.077281032,36.68480642
-0.973115392,6.921168943,5.005390135,6.731839038,6.789915764,58.36913122
1.835592025,5.972616121,2.831308516,7.671232936,7.547045951,63.82568895
0.681805376,4.750631097,4.761792209,4.825763715,6.257028043,34.12220405
0.299390153,7.258901324,3.073303347,6.434914738,5.526762165,48.53922154
-0.246541247,5.043776922,3.971904211,6.730946698,7.638117754,58.72554323
0.844915478,5.319310598,5.171531844,6.226934619,7.651746661,57.86219651
1.261570427,6.256080789,4.262896823,5.596742822,6.876771703,52.73468793
0.610887156,6.779751932,3.927515919,7.685902323,8.089150973,79.29935591
-0.92838612,6.365810984,4.368343267,6.530134488,7.422935866,63.97671023
0.797168017,5.412088672,4.687772172,7.603466633,8.062708096,67.58910264
1.149642514,6.28609081,3.196105735,5.791742473,6.239183248,46.49278862
1.596102617,5.869943281,2.984978209,7.331559822,7.86733669,68.47521812
-0.419924968,5.281571445,4.278391497,5.201968028,6.657357717,44.008306
-1.225685598,4.817156673,2.959152432,5.822177477,7.4652247,55.8097987
-0.593350224,5.889972354,5.058373622,5.500319884,7.744523932,64.06473448
1.86492488,6.199956089,4.90711635,5.809984028,7.2116932,56.14868997
-0.085264818,6.947095665,4.626834177,7.71190585,6.529011777,55.69897935
1.602823014,6.554064694,4.480282369,5.408742967,6.372082732,47.95890422
-0.721246535,6.339460677,5.450748467,4.613031797,7.418170876,60.75442597
-1.1407473,4.729925377,3.475180387,5.552033834,7.778746983,59.81194105
-1.565134296,6.035415618,2.368665428,6.213670686,6.589683409,52.31871919
-0.641929797,4.409222169,5.470452794,6.581859986,7.709243521,54.45046292
-0.60756429,7.554764417,4.048599973,6.952517654,5.872036034,54.11896487
-0.443290173,4.283122304,4.188852535,6.946648425,7.614921159,53.91930411
0.517127655,5.577362299,3.063195313,3.953961727,6.313877145,41.71157327
1.947726787,5.337603763,4.860977531,4.989937453,5.250496286,26.81768128
1.780595756,5.39377671,5.964449829,4.14555575,6.034582462,32.63368392
-1.255786258,5.985479598,4.324962832,5.43546271,7.01959302,54.36436985
0.556693523,5.752483232,3.103931433,5.979680887,7.017694755,53.55484784
1.60718437,6.446489061,4.68062591,5.364577447,7.347762138,60.42040832
0.540169133,5.102081191,4.021955392,7.173879477,6.241000148,38.71564034
-1.181951648,6.414811394,4.46162884,6.830027452,6.740150318,54.61001871
0.969654955,6.456227099,4.824586491,6.759540077,8.096555766,74.85579601
0.888011284,6.513714773,5.795675876,6.18326557,6.626787828,49.96649737
0.290325634,4.14592911,4.706695011,5.723408437,4.884303917,19.22586134
1.60342647,7.235096574,4.440259778,6.175184495,5.300486483,43.3450478
0.097165823,5.416881534,2.769963546,7.20024996,5.781243359,37.86824928
1.107851937,4.898459577,4.98275002,5.438439619,5.754485487,29.38416626
-0.086012311,7.914984305,2.746214895,6.564458085,4.595776865,48.29223343
0.772640334,4.309767601,3.753680172,4.58360509,7.538925032,50.77448666
-0.038724874,4.654880695,3.581836114,7.160303345,4.451219782,21.89780159
0.877751852,4.516687487,3.027541976,4.946122826,6.632278183,39.68630699
-0.203635008,4.503398089,4.660281496,5.407033082,6.873391803,41.72487505
-0.228665494,6.477364789,3.324328695,6.975775589,7.029274203,60.01141386
0.778675816,4.652403567,5.079634376,5.220338954,7.535827582,51.37388045
-0.279908708,7.003170432,4.469210212,5.934442753,6.988664578,61.46249025
3.131377221,7.392025051,2.998819811,7.081710207,7.666994962,75.78018673
0.927260469,5.3308645,2.481635825,8.65562405,6.731609337,48.99900431
0.8411181,5.109046054,4.549966455,5.616783527,7.385874206,52.45476799
1.712190057,6.224884609,4.410547546,6.540358093,7.343899117,59.63085006
2.048226344,6.40215666,5.053590608,5.464458816,5.936549693,40.62108753
0.28239117,5.572936365,4.718604734,5.654047263,7.119818355,51.58164552
0.479241159,6.771416582,4.89906686,5.784845747,6.825390372,55.93436024
1.314138149,5.165929128,5.134509506,5.732019189,6.594078695,40.40464974
1.886276746,6.72369177,4.361692174,5.809803101,4.796766545,34.8696767
-0.778444723,5.136858417,3.600108334,5.538453386,5.370415813,30.78477984
0.831472768,5.460039785,3.934965336,7.271033235,5.437696516,32.85336824
0.20736434,4.043528687,3.95383751,5.809458863,6.959386272,41.52525053
-1.036976442,6.310653577,3.235851011,7.95886967,6.073830885,48.0832755
1.389536828,6.466559897,4.057350255,4.669783489,7.586991597,65.02909073
0.889669468,7.071901987,2.829390237,7.511025218,7.874839329,78.86918291
-0.118691003,4.530537206,3.640255768,4.264416731,6.597385687,38.7371267
1.213815662,7.279271215,2.891697373,6.164916979,7.805602883,78.21986421
-0.526007654,7.209843309,4.362528937,8.491701347,7.274031894,69.53078822
2.035739442,5.797966258,4.164137617,2.54334193,5.98792708,36.1147189
-0.954768091,4.891405503,3.005472986,6.684177661,5.690546195,33.86323923
2.269797498,5.958829883,6.392283793,3.992143481,6.63742932,42.64367583
-1.664358996,4.683233215,3.6619182,7.333982723,5.819549841,33.89945206
1.074220418,7.540198522,2.643951497,5.032171714,6.280753439,57.91830636
1.01280761,7.000091543,2.80759696,6.138718536,6.583075621,57.43060716
-0.48282083,4.174237658,4.325448995,4.918021077,5.676838971,26.38767457
0.82118467,6.759967551,3.627928419,5.611349869,5.080864293,38.91569876
-0.706004461,7.571600635,5.94290595,7.339411225,8.090143097,84.30879006
0.361393308,6.396537969,5.978736686,5.031400197,8.320636313,76.4356317
-0.972913185,6.107359369,3.924023681,4.974485859,8.935630319,91.51946055
-1.144019814,5.201155702,5.094446717,5.203636454,7.59573539,56.95275721
0.473345413,4.442199982,1.266589589,5.502645016,7.456611007,54.46463321
0.377934638,5.506759116,4.621016193,6.34358771,6.925563861,48.78595359
0.062958182,5.880208157,4.927186834,7.691544938,6.697139953,48.91233998
0.636570903,6.966815582,4.60678538,6.010954157,7.78470206,73.20154793
0.994009298,7.329407841,3.486653677,5.767793905,7.254951371,68.62682807
-1.840344262,6.502557715,2.762240187,5.719778723,7.41061713,67.19509143
0.86421058,5.705448668,4.764580614,4.891479128,6.394688025,41.60833054
0.758281637,5.634133113,3.919921612,6.144604795,5.900586357,37.67717363
0.542061783,5.979555678,5.575632666,6.99670768,6.022708613,39.8957061
0.531662313,5.044792594,5.136278225,5.302860094,7.031850817,45.88994117
-0.587920784,7.28682839,4.928769617,6.210642841,7.89603384,78.53959167
0.810859778,5.766220354,2.759944686,5.646033311,5.614803796,37.05455244
0.72316147,4.166560966,4.345489815,6.869985222,6.694923404,38.33840522
1.896237058,6.374087151,4.371524936,6.224954054,6.531492972,48.87947671
-0.632254442,7.183480665,4.011081204,3.156153319,7.517774205,70.27868607
1.472423361,5.805643656,4.214946474,4.771387905,6.373733669,42.33086259
-0.774113587,7.502496204,4.612998702,6.193938266,7.898847487,81.08129296
-0.531573406,6.1277402,4.229754479,7.029024892,5.778056772,41.14905919
1.386843551,5.776539288,2.635994427,5.750879886,7.05189425,54.0422589
0.827759414,4.479623746,4.900474432,7.499187555,7.827845381,57.33155541
0.274249979,6.406715777,2.190294545,5.66415196,6.937459546,58.39349666
0.934164152,5.382123998,3.690541284,7.409064037,6.387647478,42.51357254
0.10129648,6.302995852,5.959831634,3.578928767,5.011984181,30.70461825
0.225159085,6.023676728,4.298581865,7.863776252,6.448102188,47.60513989
-0.193337708,6.307520507,4.166109539,5.008691585,6.568110052,49.88288027
-0.490104284,5.366798211,2.074664331,7.963043284,6.66062918,49.42015189
0.940717396,6.470060173,4.092192337,5.242434517,5.661789522,40.57750586
-0.032218673,6.192404872,3.270890988,5.93245048,6.097410925,45.22764754
-0.747310738,6.801532768,2.821220833,4.436090679,8.243464367,82.86252141
0.516611813,7.354456778,3.366701603,5.254937178,7.163384819,67.53968206
0.574081004,6.138079391,4.322718299,5.749337974,8.051446159,71.85568371
0.562545735,5.905716484,3.803538509,5.397322562,8.251927228,74.53819591
0.381133904,6.353969865,2.315638118,5.328564796,5.612549203,41.99115452
0.668671943,5.947363033,6.531933526,5.334142823,5.877324389,35.63053085
-0.21482128,7.067565344,5.046418841,8.082673618,5.095583845,42.08094055
0.421444369,6.772110652,3.860406512,6.698737536,6.986438481,60.35595786
-0.9613924,6.965117246,4.486549904,7.325047776,6.868598457,60.86519552
0.623690905,6.052817914,4.935811543,5.413151738,5.668073415,36.7184327
2.959456509,6.297709091,3.997659302,6.95114136,6.110931187,43.60332356
0.212605546,7.500543027,3.795788954,6.741415758,4.853082037,44.5832312
1.209820516,6.081477063,4.565433551,6.335495961,7.400190841,59.39726831
-1.089508901,7.957202525,4.293024739,6.308861119,6.54158882,65.23028202
-0.538519173,6.952308976,2.931089186,6.214111431,6.704105278,59.69410974
0.443143416,6.14805639,5.750989423,6.060236979,6.039531376,40.60496702
-0.919639366,6.202984132,4.816603258,5.280904906,5.645139716,38.79493383
1.908093247,5.920367017,5.376751984,4.894644304,6.155214944,38.83821932
-1.9966374,4.678959937,4.513268619,5.745774739,7.183403496,48.97689337
1.284184825,6.250036602,3.001927163,5.506537933,5.585226158,39.45172515
1.15941261,3.351716247,5.186461838,5.63199165,5.753291566,21.51338951
0.642462686,7.217269908,4.048613625,5.991555653,5.928132607,50.13165225
1.465576005,7.185030367,1.21619533,6.105454839,8.079732185,84.48089768
0.876997893,5.494998907,3.965387837,5.679801031,6.006222913,37.44232361
1.354858572,8.016828711,5.307243342,6.640506208,4.814321076,46.19916344
0.775188189,7.465657194,4.43342724,5.075286637,6.046052823,52.31800871
-1.28513635,7.127895556,4.556130048,5.244710112,6.708158712,58.9056266
-1.201651442,5.026218457,3.869129751,4.885049551,6.659654294,43.25987124
0.830233426,6.466663824,5.503339592,8.490070365,8.195474494,77.15553853
-0.406128854,5.91046061,4.508406369,6.797279759,6.313392786,44.67282211
0.659556932,6.383413233,3.843270609,6.965874513,7.039512532,58.07102367
-0.303413465,3.378500389,5.349086499,5.260984067,6.966351746,36.71259785
0.113672871,7.813770314,4.630098068,5.801545098,6.541345167,62.11359374
-0.260660877,6.705690721,3.736239793,6.03715457,6.365059249,51.86473925
-1.613954372,6.779704419,3.181823531,6.609307032,6.984385256,62.81251719
0.22893579,5.921363729,3.5189577,6.470182799,7.405367306,60.60968663
1.507390631,6.270644686,3.19240396,5.288692844,7.091664019,57.03927582
0.610070574,5.695973987,4.489984623,6.137188718,5.564120682,34.26352404
0.319355655,5.295256539,5.443342647,7.917246674,7.619508088,58.32687482
0.215589493,4.907337896,3.545584368,4.290892815,4.445387738,21.15159612
-2.029735297,5.928425433,4.023370762,7.436995245,7.277572198,60.39305138
0.892597782,7.985267159,5.592713556,5.976993019,7.963240663,84.13364041
-0.801592745,5.019494265,3.724585816,5.571937418,6.789346295,45.36368052
0.297278655,5.441555491,2.652171754,4.628289745,6.709636939,47.02541134
0.513431017,3.749158189,5.057473029,5.290112673,6.908365051,37.46504053
-0.066281134,5.707823428,5.133137043,5.332538949,6.447861599,42.80643707
0.188343189,6.098790158,3.964913693,5.135942868,8.033778313,71.52446904
-0.934062293,6.738069189,5.906732904,3.972797849,7.116162268,58.32432383
-0.255595764,5.191891158,3.877959066,6.372171861,6.642376494,44.45489848
1.559843754,6.960128102,5.357226269,6.33193121,8.729807172,90.63812487
2.01536397,6.325115914,4.713063544,5.955704329,7.344839581,59.36848666
-0.115088081,6.606299482,4.807186303,6.839120333,6.493887862,51.48798187
-0.03863118,4.766695518,2.35748963,6.163122883,7.492209576,56.12514904
0.450303859,5.17952534,3.814085382,6.376255795,6.955227749,48.22106493
-0.805796041,5.225588055,4.443338913,6.411389235,6.266976368,39.72843392
0.80549744,6.654295626,2.865384626,5.887768195,7.283059628,64.30917202
0.070875498,4.906322906,3.01658215,5.823480868,6.913644276,46.82561404
-0.498840681,6.627246958,3.445531595,7.30968146,6.903472517,59.65889731
0.900138377,6.661467837,4.081321222,4.95955231,6.173880254,47.1795002
0.931530505,4.893326757,5.463360476,6.031730494,6.593103639,38.68217063
0.31563872,7.523486379,2.755683973,6.07705173,6.921356376,67.10447221
0.352786896,7.409761363,3.872448527,7.594506447,6.592740189,61.15445409
1.445242635,6.587204756,2.026229657,5.071175524,6.995561177,59.61200515
1.999823963,7.061378609,6.264041371,5.648822938,6.206781261,47.60880945
-1.823704262,7.737240711,7.249663424,5.739139247,7.624606299,75.26511167
1.12818974,7.48455957,3.110361866,5.213041922,6.588370809,60.51793986
-0.108482402,5.956079158,2.870029378,6.118680502,3.627084342,26.45013665
-0.471799204,4.812708461,4.668747958,4.292151713,5.958259546,31.81624086
-0.316166064,6.888787469,4.70012291,5.804971994,5.930097081,47.06539968
-0.16004783,5.692650403,5.408471704,5.717056522,6.041232114,37.97150834
-0.875290394,5.035451164,3.64645088,6.655289305,7.428840075,55.91798089
-0.196200174,5.927992095,7.229128278,7.379062476,6.749353865,46.79549383
0.427030726,7.653348396,3.022662746,6.490749798,6.386386994,61.14959694
-0.018114952,6.052588808,2.853167695,4.52222624,7.360829981,60.63391321
-0.391158325,4.617409863,4.883333491,5.972286694,7.62973566,54.31078233
1.366436322,4.816039548,4.267087024,6.311748154,4.59181683,21.12513919
1.872674545,7.933221169,5.094834451,5.754022683,6.252177093,57.73458063
-0.085651172,6.354502644,3.611217669,8.133731205,6.507478438,52.27975818
0.385177054,5.672853073,4.964692918,8.378705617,7.462358916,59.14177711
0.931454622,7.117447591,4.2477902,6.636198723,6.572286063,56.6184
-1.381429555,6.450815891,2.455919246,7.169585515,6.188990466,51.15754395
2.379809036,5.87405852,4.119393769,5.862887719,7.706168745,62.52300749
0.657853265,6.644244146,5.547077227,7.431309169,6.437300486,49.99536555
-0.56233494,6.481057304,4.32758121,5.201240125,7.203291224,60.30811724
2.480412193,8.314649268,3.872588246,6.601193114,8.285400869,95.20983115
0.601982155,5.420054994,4.243714071,7.569620716,6.418309034,42.77511179
-0.866632967,4.661062789,4.387681872,3.613303446,6.267407309,34.51754545
0.735583178,6.402388034,5.424635882,6.631332105,6.771368428,51.96023556
0.398212563,5.908234352,3.677493468,7.165891214,5.644816239,38.41858615
-0.997571941,5.342954045,3.260821481,5.418988123,7.290922267,55.4155101
0.840948022,6.56046986,3.711488248,7.69497692,4.645730566,35.62993017
-0.160096868,7.954839084,5.275492531,4.418769486,8.768184748,100.6501702
0.757096011,6.28951323,4.777506917,5.569195483,6.17717743,43.97119254
-0.25687698,7.369103316,3.167323887,5.788240942,6.646354378,61.59830436
0.709083909,5.675046821,2.438065794,6.235037916,7.846068035,67.50246623
-0.719329307,7.18550426,4.339837001,4.673861834,6.797340773,59.9372945
-0.641360568,7.064588379,5.200332462,6.001180093,6.821422716,58.99915391
1.477109537,5.574987282,1.824467453,7.504742981,5.886333221,40.54231858
0.254034761,6.128066069,3.034882519,6.020110351,5.512747202,38.8899279
-0.452027051,7.738737312,4.040971029,7.032735762,6.268009949,60.12832736
0.945148842,7.394930257,4.158809241,6.52748386,7.228924718,68.31923999
1.583127877,6.407800195,3.465795733,7.54223096,7.613616961,67.52821525
2.62464201,6.975244012,4.749584668,6.315565787,7.915663606,74.11244536
-0.624137895,6.109488294,3.699256883,6.126313779,4.841565043,33.39234244
0.843970227,5.945108203,2.875374978,5.392479698,6.186301693,43.77753013
0.35367116,6.35603688,3.515062626,5.315979197,6.28334513,47.43048258
0.592388259,8.639859229,2.706421157,7.578617253,5.317748206,60.97926601
1.553767582,7.037198606,2.595121639,5.995434748,6.038152701,50.99229431
2.285948477,5.708673537,2.576880637,7.745289158,6.27412611,44.14739489
-0.471858744,7.492202408,4.593527746,5.300402837,8.186489949,85.71096306
2.039634714,6.268854786,2.071324649,4.98069039,5.953537718,43.58645435
0.979942467,7.123145528,3.046288259,5.479918481,6.905202023,61.94342027
-0.587529973,5.605060559,2.953736104,6.939527007,7.028660255,54.37745296
-0.383640201,4.272001088,2.996536583,4.673536176,8.115394496,62.97248827
0.838950552,7.724878293,4.329783269,6.025071917,5.926476579,54.17024614
0.793545683,5.579230285,3.271683774,6.445503704,6.56721057,46.11555064
1.161025752,5.677277768,3.276211213,5.588342779,7.547247289,60.32493136
0.993214324,6.871506117,3.765351579,5.919440734,6.391906231,52.41524899
0.10398772,6.870931094,2.909617148,5.973377732,6.642943223,57.45027742
-0.811166913,7.191902085,3.851259914,6.066108459,6.302075099,55.43028197
1.793994844,6.700143184,2.879383847,5.932377565,7.165467105,62.23191978
0.137587174,5.007830041,4.001961783,6.654266201,6.051732236,35.97064569
0.033683403,6.579935214,5.600873938,4.955334084,8.065916703,73.58392301
0.977170009,6.13996678,4.832314201,7.545730247,6.588419392,48.91232401
0.614764729,6.240892696,3.910899969,5.368395624,6.438546512,47.71022765
0.427910056,7.149455277,5.084953355,6.72679551,4.024311825,34.75059319
-1.168878342,7.635550398,2.794274023,7.000638964,5.906168813,57.37728865
-0.738170984,4.594794939,2.172342461,6.072614563,7.224673845,51.69306483
0.260751203,4.703003124,4.48531709,4.738445774,6.018570312,31.84956148
0.06746912,7.259054814,3.183227938,6.040391508,8.095664472,83.84746547
-0.415913401,8.469708674,3.808732241,6.151765565,4.868340712,54.09815731
0.14502288,4.780281484,5.572002712,5.837615315,6.065110394,32.03489422
0.646359534,6.643336447,2.801346402,6.357310996,5.406846725,42.33715003
1.74157133,7.078972465,2.349897147,6.002406829,4.449229203,38.55174484
0.361729539,6.091533387,4.175000234,5.249546289,6.154632302,43.03082635
0.253245934,8.842045916,3.715657711,7.335475498,8.064210124,98.64311828
0.687166949,7.371339825,4.992760203,4.893023682,6.662151549,57.94916502
0.339106152,6.091322625,3.213764843,5.323035234,6.584645133,49.70021405
1.542775277,5.021156042,4.960141545,8.817042807,7.087365106,48.4134066
0.477084953,5.534581864,3.205453372,6.780555963,7.181907097,54.96830535
-0.087658856,5.624332888,3.966476901,5.0071815,5.028187033,29.84269686
0.591206197,5.623390641,4.477005161,5.066893534,6.854625963,47.75523768
1.000562554,5.809569843,4.441361019,6.529477413,8.761285334,84.33228699
1.023648566,6.950072504,2.854765687,5.984230919,5.104375349,41.7683595
1.079438329,6.395478794,3.38538969,6.047582704,5.441862764,39.35059296
0.841470093,3.900143303,4.347369991,6.192237779,7.810964094,53.88421465
0.823853972,7.026749952,4.302160445,5.736681058,7.354991355,66.54004115
1.780994707,4.673556592,4.103353597,5.583872328,5.845556106,29.83551442
-0.940456413,5.810764838,4.142967494,5.572309896,5.383819143,34.71893889
0.779737494,5.512291685,3.799583543,5.721200771,5.79747197,35.75406354
1.749532245,6.377142789,4.883574088,5.237475433,6.520638299,47.5841411
3.544722392,5.154401985,1.775928125,7.716292564,6.407086586,42.26943025
-0.681426734,5.894165415,5.251862211,7.020712277,5.914204494,39.5044627
-0.72980987,7.316625565,2.138233052,4.909416928,6.402879084,59.15277014
0.595393463,5.804489139,1.687391993,6.819296199,7.02069536,56.32011343
1.257730723,5.383995632,4.726468737,5.967727387,2.843983543,16.56742061
0.33615165,6.460910873,2.088690933,5.580744931,5.702048126,44.14994426
-0.005149236,6.104869446,4.674246049,7.242120042,8.22411375,75.90512993
-0.491203337,5.315947472,2.428628472,6.050216784,6.273356648,42.57975262
-1.055720529,5.644535042,5.330082196,4.866767894,5.305537552,30.8148754
0.88291106,5.17622305,1.699587561,4.64849819,6.430651888,42.614344
-0.302425954,5.610849674,5.523472173,5.258246837,5.90561608,35.6617739
-0.32290008,7.370265291,4.693109707,6.650714943,6.109265547,53.69750096
-0.067238922,6.190023576,4.043207001,6.089193909,6.53795016,49.39372656
0.682779431,6.927291464,3.943824416,7.401143543,5.981778578,49.33986548
0.821332162,4.700131274,1.704880519,4.808924924,7.313392168,52.2156521
-0.403739262,5.396319443,3.167669961,4.734319667,6.616867188,45.39627475
-0.221757016,6.151454926,2.90802788,6.677208311,7.446492221,64.36143344
0.5364161,6.80315347,3.812682166,5.453281225,6.540156767,53.61173221
0.863478232,7.125307182,3.645927263,5.277408475,5.726790541,47.22675417
0.00874318,6.554281508,5.052321201,4.637768727,6.601345965,50.61503364
1.580074744,6.600929055,2.767616434,6.666725856,5.621090098,43.37927137
-2.15872436,7.515422745,4.060716917,4.988512609,7.407043402,73.63789105
0.841147028,6.464831857,4.276341293,6.132463462,7.822385163,70.15600196
2.81754398,4.952948307,2.390503311,6.620049191,7.004432556,47.86284095
-0.023393525,6.355168768,4.414823666,6.356531083,6.80484577,53.77274931
1.498122792,6.845772444,5.859531588,6.138022927,5.398877885,39.01380751
0.701906753,4.741156273,5.114498468,5.617366928,7.331372715,48.73675132
-0.765229417,6.077485057,3.024422525,5.836159329,6.160315249,45.80404015
0.243041431,6.808755153,5.178042425,4.625112354,8.084891933,76.03603446
0.659267193,6.542817606,3.766576457,5.924126317,6.293503786,48.98088593
-0.614539337,3.973359466,3.950691487,5.881436862,6.019737069,30.1669957
1.341343078,7.245352002,3.21414969,7.152897999,6.260014863,55.36146987
0.743009906,5.850776176,4.290542617,4.921052096,5.690824658,35.95664924
-1.151376213,6.128208025,3.955477822,5.55960764,6.988384218,55.64789739
0.421661807,6.166569272,2.596219069,3.688412266,7.041509286,56.09023845
-0.900705579,7.087423415,2.950866596,7.779346597,4.982712091,44.59906853
1.562018604,4.997517176,2.641390972,5.301392953,5.840229317,33.61586022
0.530329657,6.815330771,4.879713202,6.193565357,6.445879093,51.73659658
0.101494236,5.518528455,4.083226485,6.83114617,6.372908472,42.9588192
0.292389027,4.512405253,3.181803489,7.799544464,6.290325493,37.58432806
-0.395460821,5.13581571,3.746141235,5.42577705,7.653260951,59.01975048
0.878313335,4.795125272,4.612289614,6.419456069,8.117829646,64.08429959
0.107748355,6.82278478,4.30273739,6.833375589,7.134343913,62.6624101
0.085003302,5.660073603,3.86747624,6.305358271,5.275619635,32.85752058
0.13035425,7.188047262,3.824099833,7.684926196,8.696422413,95.92908655
0.245468763,5.842876137,4.227176913,5.981381246,5.223250034,32.82692983
0.818484329,6.956061438,2.83335283,7.052357352,4.55890649,39.0201149
-0.838094116,7.283672033,2.345220983,5.344128586,7.559494672,75.63196791
0.012411228,6.826893613,3.495803371,4.511543446,5.107312037,39.72751356
0.28635498,7.113784655,2.155313895,7.881596544,7.660336298,77.08532187
-0.493853735,5.372852356,2.981782001,6.564474708,6.770180335,48.77388556
-0.142314076,8.494814667,3.954934506,3.717367791,6.053769712,62.73059337
0.390679626,4.587348203,3.960515706,4.886921886,2.694939253,12.44959669
0.441301633,5.9891921,3.426201293,5.904893549,4.700830765,31.0815467
0.217075397,5.886195821,3.271328745,5.097011828,5.351313422,34.90793139
0.89506809,7.444498256,3.831814255,6.804739047,6.6873471,61.76806144
2.147912119,5.624579052,3.28510707,6.317792069,5.768873138,36.28638763
0.615372334,6.588308382,3.632531016,6.252642592,7.118848647,60.67062867
1.415740642,6.838182117,4.69803585,7.826444083,6.341580016,51.26889672
-0.731342003,5.766494887,2.614601974,6.626072567,7.433355785,62.12342174
-0.308484228,5.714921293,5.864027913,5.834958634,5.545632796,32.88677976
-0.82973743,6.626613906,1.892927619,6.61159619,6.763357989,59.63399092
0.125124751,4.955078229,3.722174951,5.516072392,8.263130918,69.01679939
-0.281097201,5.483844214,5.481958387,5.215675678,5.948317225,35.2930294
-0.544219942,5.538322564,3.406646506,6.766989056,7.553958136,61.3912713
-1.265136291,7.335742404,3.431443911,5.750366961,8.67806224,97.09556043
0.263341903,7.306187513,3.283054742,6.963344926,6.592104387,60.49559122
0.362759615,5.790165376,3.74691948,4.768162953,7.329788882,56.93148737
-0.006930295,5.513013512,4.298972416,5.126767742,5.693779888,34.19230005
-0.378061177,6.393812144,1.965855828,6.538503156,7.936145711,76.05900501
-0.27411069,6.222219703,2.569605291,3.876377324,5.144933126,36.183577
0.869872779,5.653695492,2.63384892,6.244318211,5.862806113,39.25153601
1.104550592,6.489902575,3.385275337,4.783531411,6.809330043,54.44670792
-0.982177942,5.493240456,4.396273955,5.434334223,8.319795821,73.44478094
0.779509702,4.72093445,3.764914457,5.859626518,6.733575906,41.8230574
0.882929574,4.946311171,3.096320237,5.721601324,6.728641861,43.99488491
0.45488833,8.161938304,4.568607236,5.89903634,6.443815825,64.04425814
0.355731,5.736036481,3.550054286,6.172185647,7.630199529,62.76472642
0.758706202,5.284729382,5.552644361,5.355434636,6.104750667,34.81904547
-0.20122241,6.80803279,4.285509486,4.209699372,6.24337008,49.19343022
1.161326301,5.13354956,2.532900505,7.776258326,7.277425126,54.90993158
1.322467042,7.589583462,2.828421054,3.962731851,8.149344999,85.98847947
0.288706731,7.331824827,2.178720518,6.427589619,8.211358201,88.27129156
1.511842689,4.837931463,3.960115512,5.892196077,6.804551464,42.67176325
0.943016723,5.651606613,3.550387151,7.577098143,5.237053806,33.11349231
-0.240322732,6.420399977,3.449936648,6.008156285,5.094160472,37.532795
1.057297086,6.183122856,6.01890009,4.557716491,6.336541863,42.39715668
-0.35119239,7.328206657,4.095150093,5.839300616,6.297139333,55.79022752
0.171372062,5.138295766,5.835255955,4.886479856,6.43515259,37.43972203
0.977401211,5.647151128,4.745904323,7.143183248,7.403274802,56.90661971
-0.871158573,6.081459915,4.358063084,5.802974228,5.263770894,35.42853934
0.449307353,6.900925176,2.379062803,4.514787699,5.773354947,47.29445011
-0.447007233,5.77287976,4.375785213,5.267450495,6.211452876,41.82502309
1.012417656,6.300508684,3.515933754,6.548662433,7.972292532,72.78665464
0.563961868,6.967928174,3.49751338,6.07447854,6.300755569,52.98782658
-0.624093864,6.36654793,4.065802281,5.781138205,5.667443376,41.30606525
1.193579104,6.386376353,4.356415603,6.117257247,7.422099002,62.21005511
1.126647552,4.697741532,2.539295229,5.316094808,3.939369259,18.77335341
-0.667706837,6.604772555,1.839142165,7.4793095,5.802891282,48.75248192
0.010140202,5.936499104,2.939963151,5.775167758,6.247218165,45.31287478
-0.232466671,5.489769976,4.206158672,5.662763651,7.023746938,50.61700132
-0.279954978,6.909771024,4.9125974,6.195041179,4.423735907,35.17799815
0.24315556,6.129259205,3.507308571,6.474007721,7.565898318,64.92371444
-1.557878955,6.472422738,3.369472876,6.017896622,6.787243822,56.84446041
2.254747505,4.573823653,5.066940245,7.351824112,8.3493058,66.46111142
1.256578146,5.377578419,3.948010651,5.818500239,5.948507187,35.85843874
1.527283902,5.369635733,5.698605157,5.309953482,5.070103288,25.0127523
-0.031351182,8.320811794,4.309620113,5.696110853,4.433787559,48.51708387
1.92602042,5.439121563,4.177944555,6.991467452,6.615947448,44.14844704
-0.459338296,7.787012246,4.945437358,5.291881436,8.354514013,91.30896836
1.090219032,6.040967036,2.842730589,5.904441302,8.569736789,83.41191814
-0.87640982,5.014786554,4.668265829,3.400505244,5.95019877,32.58829875
-0.069775482,4.977763993,5.82208089,5.093803559,4.848821264,21.85894468
-1.985710215,6.561264103,4.717990851,4.448014461,6.934456428,57.0123674
1.851508112,5.32655304,5.734870154,6.26218991,6.630043115,40.95902493
0.760533287,6.300713317,2.876488433,6.015133958,7.598394064,66.85219383
0.138883984,4.390733109,2.916193933,5.383454399,7.079791033,46.26389317
-0.014966399,7.065614216,3.106157543,4.447218043,7.172681108,65.36968543
0.864193558,7.719957325,3.098282955,4.558702399,6.187592532,57.57846821
-0.701763526,5.320045116,4.840854382,7.165082413,5.098690148,28.99606755
-0.087353931,7.030355035,4.742864086,6.509645387,6.267249329,52.20880805
1.11477014,8.419946567,3.119085461,5.757930215,6.24467694,65.69906486
-0.548918147,4.707194454,2.89534398,4.151511425,5.376054608,28.07132417
-0.266785751,6.437517715,2.080325253,6.161493393,6.803565249,57.59232682
0.589178717,5.170750961,4.847098185,7.114408001,6.04922616,35.80475282
-0.99692528,5.734638945,4.094648738,6.4404617,7.458192055,60.33295864
1.003252577,6.979665981,3.261010617,4.869363114,6.359667576,52.994516
0.827436877,7.370035017,2.465334298,7.020962731,6.447634516,60.09962342
-0.109768122,6.249323042,5.001601885,7.935967377,6.291449429,46.85892114
-0.500769168,6.416224051,2.633110022,7.607029717,7.484311577,68.18958073
1.727280003,4.939643536,4.59694943,4.933191312,5.496358658,26.97801253
1.179026461,7.363167875,3.793805597,6.633449608,6.704846456,60.98036857
0.028843659,5.765318954,4.906951334,4.96659278,6.591075053,44.98791068
1.072221648,9.437000854,4.249082896,5.422834332,5.628278163,68.58046048
0.415607387,3.89226881,4.395768172,5.5961588,5.362401198,21.87010835
0.609017362,7.668778878,3.227327828,5.797607175,9.025442881,107.0617247
0.010960749,6.670715225,5.080868853,5.34992721,7.451080552,64.44066626
0.247412117,6.306506518,2.468881061,6.667772774,5.09416569,38.00682618
0.419432848,5.443666589,3.848873915,6.44514023,5.807016593,36.02425284
-1.080735229,8.489324695,4.80880718,5.622013091,5.235942447,55.83081981
-0.42946125,5.682266679,4.41396419,5.086383451,7.525080618,59.21703699
1.071624184,7.660395891,5.902801952,5.972523996,7.213665395,67.72825096
0.473778663,6.355938875,4.301765336,4.699383014,7.803173539,68.24629496
1.702187362,6.777550211,3.523648641,4.894166393,6.454858582,51.54105517
0.477033262,5.742331988,2.57434274,6.254378542,5.854638442,40.14482542
1.475320452,5.577874821,2.041049942,6.546101546,6.626662715,48.14881146
0.712688804,7.30612633,3.127225643,6.542352049,7.914213303,80.79576428
1.057062026,5.866892424,4.166645494,6.045477327,4.465214024,27.28465971
0.418327279,6.406400294,3.339413131,6.402770957,5.613796684,41.80974454
2.288250713,6.507706599,2.861516616,5.984623119,5.608133111,41.42531091
0.266640644,7.228129323,4.810372041,7.962733322,6.51573189,57.61265636
-1.681393648,5.399848267,4.7456623,6.570671618,5.484969572,33.19818672
-1.188853676,6.057692552,4.959461491,6.00716619,7.34987994,59.49979638
-0.393813286,4.708801312,4.154947324,6.501061747,6.558267411,40.26556595
0.767078634,7.509003732,3.653239621,6.490550357,7.332416124,71.88864972
0.286088914,6.6189192,2.780235722,5.90579469,5.985845955,47.64732497
-0.535412811,5.941050489,4.099188564,5.064802193,6.658277389,48.70526327
0.111488625,5.467095767,3.304025898,4.906596843,6.135567263,39.6066442
-2.088559028,4.971001345,3.122950797,5.796715157,7.793481424,62.85766107
-3.017252571,4.382776815,5.178628478,4.605409843,5.627867794,27.58650664
1.749476473,6.642794395,4.174233019,6.784368887,7.80098273,71.1179869
-0.052528083,6.053790498,3.30882965,5.222064365,6.604049175,49.66023593
1.843800795,8.001756613,4.405260559,7.358352764,7.529192554,78.50099064
0.298312048,6.799099403,2.873632121,5.847754897,5.812763113,47.20531734
1.246357325,6.648278909,2.148263815,6.959150888,5.90921615,47.9247847
2.962256123,6.654461088,4.206358609,7.390130018,6.031382987,45.45542926
0.551706827,6.261881663,4.73401894,6.258724986,6.741080592,51.3844887
0.265170793,6.309205772,4.860630261,7.329418874,5.448481374,38.22461895
0.896203963,6.351678553,4.832494566,4.094728045,7.111827026,55.40110547
2.068026178,4.602402915,5.075266334,5.681752773,7.517723337,50.10239901
0.580741256,5.652633528,6.207730934,7.761219972,5.098223233,28.79779931
-1.496277036,5.112566951,5.321231217,7.263681565,6.841816617,46.24602236
0.889906335,6.93694978,5.651953567,5.501244062,3.948383349,30.63383221
-0.434259712,4.70310214,1.793942799,4.805946171,6.177599344,37.79519968
0.343874309,5.202363466,4.126272877,6.423400704,5.829917588,34.4503112
1.911647146,7.352061486,3.669593731,6.297387108,6.202187835,54.11568848
0.034364985,7.027026066,3.758487827,6.916072816,7.789967574,76.04351797
0.577016151,6.035198857,3.359121058,6.313303324,7.619784633,64.84610594
1.124674394,5.916021271,6.499977715,6.354651759,6.229625356,39.69769486
0.359582529,6.442374297,4.746354091,6.595751464,9.507114527,107.4770319
-1.455826042,6.969961197,4.544848199,5.749616351,8.105227145,80.62751532
0.645312716,5.813988657,4.280314904,7.846470389,4.874543298,30.94178358
-0.176108336,6.107437314,2.692618931,8.435451666,5.745955025,43.44920901
-0.105167505,5.24272115,5.27876171,7.507289235,6.28817709,39.25484571
2.788714145,5.809565481,3.109820544,6.133542918,6.30042626,42.86990151
1.9224786,7.084761574,2.800531614,8.431456815,6.86734349,62.73481656
1.105905599,4.824342534,3.186151852,6.594576173,6.869126628,45.3739992
0.097968004,5.528973567,3.866924941,8.150841624,7.090227967,53.63901541
-1.05006822,5.900078575,4.394665154,7.173988793,6.65502948,49.80549303
0.726847507,6.191484081,3.98111994,6.62723602,5.664686624,39.67683689
0.856167329,6.87167554,4.300283718,5.262938142,7.836659535,72.98426559
0.805900401,6.47007119,4.53659644,6.71565698,6.550690374,50.77106657
0.529772068,6.770695893,3.36894923,6.253159296,6.40030992,52.82448942
1.23492326,5.823321842,2.758638584,5.846057229,7.655596772,63.98079699
-2.207512238,6.8173797,4.196362952,6.334622182,6.440793703,54.67735047
0.041687986,4.217480026,6.660836666,4.641071724,6.848113706,36.54044963
-0.97621132,5.765280406,2.886810512,5.123713857,7.365900464,59.70941139
-0.040254461,6.987923861,5.313942707,6.222845847,7.158214659,62.6564988
1.380142958,6.26115347,4.907635206,7.439784627,6.181709633,44.34750608
0.230539274,5.532279511,2.723820654,6.286902188,7.676921357,63.42427203
0.311286603,7.331225364,2.554647037,5.457008551,8.603627266,95.05208349
-1.457216827,5.980661584,4.976867046,5.499348443,6.784140096,50.54884031
1.029285364,6.009764911,5.258771395,4.021693616,7.365386756,55.94493261
-0.643009749,5.698851905,5.413877384,6.079652851,6.619778531,45.51879073
-1.945019651,6.129962763,3.564922945,5.610595071,6.104179551,45.61094292
1.117167251,5.943623805,3.342731355,6.095268507,4.71068628,30.45817723
-0.482601986,5.672384988,4.069710191,6.55600239,7.224756194,55.92850692
0.828665209,5.309667644,3.792599059,6.874455209,4.625303474,25.76934473
1.078406048,4.730754209,3.197009437,7.440001746,7.549561019,55.81368637
1.885580668,6.231958701,3.928388773,6.88195752,7.563973923,63.98363439
-0.612151926,4.61897359,4.821110582,7.016428453,6.527542964,39.06248989
0.30298722,7.285327209,2.774382772,5.1421632,8.607967221,94.32514308
0.433685546,7.598448913,3.024683872,5.517087664,6.50837275,61.40023723
-1.163514979,7.819854284,1.598028608,6.65039942,6.472192151,66.83296029
1.068171296,6.760071835,4.111966908,4.748142029,5.747252673,43.10907061
-0.465167071,4.947574476,4.195964215,4.103237051,7.105738011,47.63383844
1.339657199,7.559331558,4.677247233,5.278363833,6.226163767,54.53170882
-0.633568903,5.982328077,2.741842286,4.434977159,6.215653933,45.05331513
0.153068757,6.353771028,3.679398564,6.827787378,5.293742681,38.57467756
1.641386255,6.482185531,4.756315517,4.194902331,6.604354104,48.94609617
0.710207731,8.016634122,4.370908003,6.039631794,6.830610759,67.8969216
-0.425253016,6.324732788,5.237981966,8.046982693,5.582170005,40.00510598
-0.874043781,5.901582282,3.810699581,4.560946835,6.952820957,52.78313318
0.781972386,6.493269618,3.373484669,4.792378025,8.532181197,84.67674926
2.033452031,4.649170281,4.457633878,6.515659533,3.900081669,15.8689109
1.049606397,7.761642287,4.24594624,6.296535671,6.012250085,55.50134252
-0.502617649,6.193021693,3.812565762,4.691994824,5.90819854,41.93168927
0.185862453,5.429181205,2.82476077,5.088550463,5.421613195,33.07270224
0.930346046,5.800057637,4.497085515,7.011499044,5.466770951,34.43462625
0.702377023,7.038541805,4.358039334,4.124171976,5.133252876,39.68933794
0.063203981,4.075989876,3.976776249,7.05106541,5.713137189,27.76464983
1.64365987,6.936104599,3.462570035,5.825280638,6.65718368,56.18686908
-0.569566569,5.422107937,4.279270208,6.261868515,7.867996997,64.60249298
0.084381901,6.792652413,4.13566549,5.696620674,6.075259093,48.29481765
-0.304142254,6.201472161,3.847752518,7.754767093,5.601359744,40.91454459
0.437179707,5.369965237,3.194287509,8.550096253,6.773955499,49.25794693
0.932989371,4.046541099,3.488349467,4.227630225,6.162120741,30.45160135
0.518365812,5.109971184,4.165420635,4.179440672,6.467719029,39.2346349
0.025817774,6.326481895,3.093859095,5.212851371,7.779918379,69.89517991
-0.792044561,5.522992444,3.360865508,6.770877879,6.046940831,40.93167726
0.689961426,6.033623014,6.586536642,4.963593503,5.745617221,34.55851712
-0.451382304,6.016204685,3.240731002,6.675366224,6.76612383,52.84757625
0.33779616,5.338273789,3.675702388,6.512121127,4.798367495,27.34190573
0.360305484,5.592595155,2.88005028,4.506737367,8.12749519,70.74865266
1.837687714,5.40087018,3.369814127,4.362649267,6.527068992,42.1400837
-0.983347015,5.938740696,3.500995491,5.702333477,5.243041498,35.49845806
-0.789210878,4.651657255,2.970472689,7.072177865,7.711600311,59.70237631
-0.153776566,7.137926105,2.579225212,6.773994694,6.585255004,60.21979486
0.47756247,8.333826708,2.060815011,7.288889165,5.797809954,62.97035568
0.246598477,6.358337671,3.258635427,7.503164933,6.944720394,57.94595176
0.141406023,6.884351276,2.688929903,4.936994109,6.967733694,61.59238483
1.588661474,6.036593732,3.200245992,5.582348105,5.093457975,33.37635612
-1.48273759,5.825666905,4.466004928,6.558336228,5.74828432,38.83746529
0.787131919,6.434703162,2.824352532,6.468359787,4.698216363,35.30392125
1.087405834,5.357391301,3.150518254,5.293085156,7.357069919,55.21606925
0.482682959,6.103930136,3.990501815,3.703906072,5.998332079,40.50189898
0.91493026,5.90613237,5.996926156,6.789807148,5.899868586,37.13705144
2.076026081,4.897376122,3.911045641,5.398348834,5.593557375,28.56418519
1.155847126,7.649428979,3.894567067,7.851321854,6.682688319,63.90186972
1.164984652,6.34583564,2.607439949,5.755675129,6.442869071,50.19131215
0.796700143,4.627835563,5.202772228,7.733088701,4.612253591,20.29893015
0.757623374,5.524606959,4.71834278,6.605942244,7.731221855,61.50766378
-0.077942552,6.225632296,3.873917852,4.362618996,4.990270278,33.4759638
0.062987878,5.997303712,4.584516166,5.220565117,4.962143812,30.99516925
0.120185666,5.485882954,3.85083101,5.53255518,6.673081634,45.94231028
-0.27729534,6.492380868,4.185754107,5.772210013,7.468814381,64.88975227
1.913359653,4.758152419,5.51813305,7.677427091,5.291370816,24.68183246
1.900979497,6.765052529,3.61984182,5.875451778,7.685487805,70.04012508
2.020294073,7.59656631,4.434500113,6.509645897,3.988128297,38.11829479
1.800252248,6.088139461,5.270388055,4.923054451,4.897940613,28.83448749
-1.060440362,7.221365398,4.029318544,7.711548269,6.837122673,63.59930793
-2.31804901,6.323801545,3.141448015,5.067513392,6.074811201,47.22770713
1.552560399,6.21245187,3.721968656,6.480097427,6.442773466,47.89996453
-0.396411476,4.464966391,3.919464196,6.490261572,8.398972882,69.83810689
0.96284039,5.376979925,3.085495041,5.481493208,6.746510325,46.63061766
0.919372868,8.084851482,4.364385191,6.340428997,6.632451281,65.91258756
2.176344922,4.410134163,3.114236965,6.32443851,7.534197793,52.37945541
1.63085719,5.185354015,3.533936976,7.057797566,7.597176471,58.21773492
0.338137157,6.579994628,3.597036097,7.208476356,5.618342139,43.37761553
-0.449886321,6.393946285,1.98736784,6.913795255,7.093543364,62.26085968
0.113691071,6.703959174,3.923766826,4.618701902,4.845011418,36.16772454
0.390000287,6.215017511,4.341683683,5.571835154,5.543456882,37.78728953
1.842983102,6.068027665,3.379832672,5.506440744,5.368051809,35.32901791
0.564202604,5.996774027,3.718100989,4.291902465,6.838894816,50.65270074
1.093723801,6.270292878,3.929201414,5.347585694,6.031015185,42.89365662
2.23283371,5.930903859,4.156684828,4.949759035,6.684194937,46.74160843
-0.992672029,7.218445955,3.189848139,5.76737472,5.291053947,46.51467804
-0.581099361,6.372153388,5.339709066,5.460722369,7.699486768,66.3714032
0.127859511,6.30921302,2.473324296,6.890429675,5.713052198,43.71422181
-0.900996368,6.920098134,3.90326084,6.811301995,7.286932884,67.04169716
1.519963404,6.713680034,3.430169334,5.653672495,7.684884541,70.01140177
-1.15798459,5.774505426,3.177355088,7.602799247,6.966129002,55.07878985
0.959561801,5.783423459,5.220199751,6.35000935,5.055995525,29.56792347
2.646075624,6.444904621,4.545660574,8.756709894,8.376299913,80.82852114
-0.074980663,6.969325219,3.900217146,7.745108365,6.452353069,55.83612514
1.707206811,4.668340122,4.928341518,6.038619724,5.569676946,26.36420432
0.533366353,6.483769285,3.613099683,8.243511112,6.219810776,49.48291734
1.060408935,6.001186726,3.143766141,6.680200773,6.557397415,49.06207229
-0.724985263,5.238683482,3.604154841,4.049489804,6.767642497,45.52408469
0.562032167,6.830547272,5.250507377,4.356590487,8.406290218,82.11964359
1.221900908,7.400940367,3.260353897,7.494541255,6.786652331,63.7808951
-1.066979017,6.170945473,3.742470238,6.487751103,6.959312371,56.29812954
0.931374565,4.621123124,2.932785607,4.832996201,7.537898347,53.69826356
0.042738889,7.472670708,3.42874671,5.473789632,5.576776905,49.91764601
0.543064706,6.080440102,3.828031515,8.714687769,8.828092883,90.37709636
0.089892768,5.542600921,5.353826733,6.34897237,6.366123091,40.95678815
-0.551569849,5.58237446,2.929986304,4.758686324,6.764461238,49.00704842
1.84991194,6.238091211,3.064458396,6.481057793,6.916852452,54.98374277
0.036735054,6.279539539,3.415297328,5.054179613,7.324109231,61.38195503
0.592782435,5.590533134,4.400413504,7.013382337,4.516129411,26.46233866
1.423164019,5.742844171,3.717478694,5.247651331,7.749738615,63.26387886
-0.407345747,6.119925494,3.358910249,6.643046792,7.811972841,69.90862787
1.881971605,4.623323325,3.632066183,6.223008003,5.792015882,29.8717292
-0.490430368,8.102721099,3.241337963,6.140402761,5.060061898,52.61410622
0.732590248,6.621857638,2.951035174,6.638753552,7.921043716,75.48405802
1.911715026,7.001368602,5.271442818,7.772981496,6.942894427,59.39363634
0.702657463,5.903762473,4.15088281,7.553861436,6.501491385,47.16266218
1.480281869,6.212548188,4.624089414,7.650767997,7.28028007,59.25096525
0.838160258,5.365084015,3.485128464,6.562946021,5.210596509,30.47137015
1.063626642,5.788755349,2.987921208,4.930813287,7.077082934,53.64488868
-2.179558709,5.459190345,2.728226796,5.963361749,5.454675966,35.97862316
0.16507564,6.815783431,3.002350952,6.944795944,6.048183285,50.43613627
-0.120794555,6.919524892,3.174826382,6.305647734,6.14930885,51.92840896
-0.012375838,7.274991518,5.361474025,6.457763557,5.769379538,48.02079275
0.907989489,4.845897189,4.39259217,5.27450392,6.303340234,35.78138876
-0.022287788,5.635297771,4.432166297,6.347605522,5.732403555,36.02119427
1.138265552,7.27452618,3.04100464,6.192491058,7.995310195,81.63258617
1.308252508,6.54953483,2.807052187,7.818831896,7.124715881,62.08396698
0.214568136,6.515962796,4.968987448,8.370020418,6.621542465,53.09705965
0.788383935,5.044556173,2.766705083,5.482891807,4.09624876,21.54482309
1.679240741,6.534428289,3.884001396,7.201502798,5.306726679,38.88088446
0.119784739,6.272790078,1.956272597,5.377676235,7.871182078,72.8263892
-0.981947281,6.014457714,4.919998429,4.846695767,5.852269074,38.9470888
-0.553208748,7.782177127,4.201183511,6.141328609,6.020044468,57.02484915
-0.861456925,4.765085552,4.366349684,7.220815089,6.659646109,42.43848153
0.980697641,8.466498033,5.330339491,6.005850375,7.380876266,79.05347526
0.525168716,4.527981271,2.836003804,5.927842919,7.476738627,53.40792743
1.217018642,7.329783353,3.239164864,7.215259928,7.18706442,68.65880194
1.213396758,6.489681275,3.722907388,5.149059981,5.958347913,43.85002588
2.173791404,7.191816242,2.67033392,4.944934519,5.326700754,44.3081875
0.598977768,8.330469137,5.021465158,6.635766874,5.431998631,54.98812849
-0.320375556,5.885623526,4.896075916,6.41968187,7.812293028,65.93950858
-0.52859071,6.941373944,3.710195746,4.112711776,8.093267082,79.50138659
1.653989365,5.476159241,2.669268104,5.276165111,6.026692906,38.38318677
-1.128360261,8.486388092,2.398203987,6.178568233,7.599341893,88.63867518
0.323414381,6.719751621,3.526524289,3.670402941,5.278412392,39.21525911
-1.606200604,5.648683305,5.870497764,6.884602081,6.171857057,40.40648122
0.550775723,6.357793588,5.424214058,5.040851463,7.557009092,62.57323586
-0.402694454,4.959593976,5.081389048,7.125453843,6.272552451,37.44368304
0.00366659,5.496934803,4.813872942,6.838069461,6.788785889,47.22004798
2.365887802,5.459125928,5.188361381,5.152272492,6.959419385,45.95133247
-0.018125245,8.351411587,4.803022516,5.721255268,7.104489167,74.83621958
0.978628127,6.155902967,4.790519268,6.91975709,5.663849205,38.25658447
-1.548448274,7.040136696,3.314739357,5.982047911,4.462361855,39.45471712
0.075157614,5.269328329,4.107118022,6.020658668,6.286133305,39.7167629
0.155183919,6.790743264,3.832896891,6.640726089,6.957307232,60.26640523
-1.129410495,5.902454881,3.459521908,6.121162788,7.804817103,68.15362926
1.953089208,6.739213177,3.124788628,5.581881856,7.279321476,63.51011616
0.456189562,7.894429116,5.519753166,5.866962565,6.71551568,63.68099278
0.341586058,6.123666068,2.892766688,6.508719037,5.927046108,43.39104888
-1.747777154,7.929576269,3.509682622,5.888682499,6.594802363,66.83970769
-0.944996721,5.674803195,3.435734593,7.020084894,7.594917023,63.49506835
-0.675150139,5.713610991,5.271353899,6.293624415,6.559879812,45.1493617
-0.282719973,4.892809772,4.143875229,7.540775499,6.85893664,46.01027896
-0.173549931,5.812948248,4.850897468,6.332814072,6.759258558,48.70172531
-0.44043982,6.529559601,4.58425655,6.850642777,6.196068823,47.96426789
-0.471280124,5.579434488,5.410314657,5.720818602,4.815338573,26.81641398
0.007128178,6.35787289,4.960828204,7.403628151,5.92802045,43.29104322

