V0,V1,V2,V3,V4,class_label
2.3895185122181344,8.060931051208975,10.42657493152455,7.885350835227875,-1.8690113740554701,class_0
0.9313330649642059,7.3867754931902425,7.914127720333544,7.386199348612282,2.3636911571479144,class_0
1.2070259572294426,7.470937357718574,8.853978389719549,6.0107907286897895,3.105188840451329,class_0
0.46617628986053017,7.938105416171415,7.268440659668826,9.414961510156227,0.41036777020804305,class_0
1.835645855657716,7.21672271851478,11.082082492699287,7.228046336223515,1.7501694311068747,class_0
1.9274968176492244,8.265340176414686,8.284172864908363,8.029336947275377,5.129359844562744,class_0
1.9738090414553755,6.878287944067477,3.854929382697395,12.574777798323531,0.28983996552911595,class_0
2.8056104808763154,7.121876132175561,4.630936569604998,7.283878975232882,1.6060963463042315,class_0
0.6692870027125862,8.435195810687063,7.178975864031734,8.399446191295189,3.7419731582263234,class_0
2.052823105001579,8.333083231596568,8.228932278120366,7.832248909890733,2.11263533989807,class_0
1.8882069147920992,4.993636382712522,4.611004529419551,7.246704019675755,3.4689946187659775,class_0
1.0269577263311849,7.860233016783953,8.27218256987373,7.890088969595476,2.4767621849007337,class_0
0.8788347672639338,7.038209378801699,11.408903395517612,6.239508359666776,2.979349413616025,class_0
1.4000376445596678,6.543914847547288,6.3022850145405505,7.937933172097651,3.893320697531247,class_0
2.151495533941703,7.342851076557,6.34011046410939,9.924785474148935,5.211370096131953,class_0
2.3579747169113094,5.629283230797682,7.123272792686421,8.138176234358337,4.521851483284449,class_0
1.0628765904638229,7.300203383671948,7.45862107787391,5.614311442140623,3.126385315595429,class_0
0.9231066235956725,4.515294021362576,9.31235240883897,5.102527149157037,0.40175214208829013,class_0
0.63247052587903,6.46544827016189,6.572248329530257,8.07149237030152,2.623381433301806,class_0
1.1952485614777177,6.198244380883114,6.613500319475134,7.036472535182963,0.3532755448901026,class_0
1.4079491206855097,7.0739484595064415,7.646063549117999,9.045745407788278,2.4247070559566426,class_0
1.1119178414914617,6.193102754436629,5.392269164011109,6.212561486479345,7.347158315612024,class_0
2.3033286607478916,7.584722663685946,4.03413586389714,4.39854705900081,1.4814366992692092,class_0
1.444809492915606,6.485667612062995,7.334855997628848,5.913761746615779,0.3795902862536291,class_0
1.296846043883876,6.266429583556002,7.461403589989948,9.299485249766711,0.09225753212135457,class_0
0.1699813714958296,8.142923805491577,7.842229494968869,10.005195833927658,2.399615230650423,class_0
1.9654476405497585,7.742642410561467,5.1227520734948815,8.531961087988854,0.22636310680107963,class_0
0.9263561657734175,6.310178949906163,6.146973446102019,8.713455869541313,0.4756091647112606,class_0
0.03430997596696295,6.642579136591029,6.792908641277075,4.810452289047635,4.885704844628834,class_0
2.867799390080668,6.76038291919842,5.647564553379525,5.12586998624426,-0.602110587196043,class_0
1.2084164797689787,8.864565764494095,6.525668499785576,8.476719220955818,3.912485179210065,class_0
2.205207511370653,6.962812429177982,5.73069865846311,6.247901526602704,3.1443526215740096,class_0
1.0741138180015364,7.271534668762983,6.811317978750136,9.842860503417256,4.224437407448161,class_0
2.505863255425762,6.009180148411165,12.688572804083748,8.908063547763792,4.4754734959416504,class_0
2.495440064165205,6.673574618754395,6.903967574700349,9.3373722490048,4.296555031182923,class_0
1.4026515176465035,7.613067268010246,10.400090314764952,7.03878297342194,0.27692321673242537,class_0
-0.5028208327809911,6.676274402572565,8.399550258848274,5.654441351833116,-0.6155975589124725,class_0
2.315963744751856,7.063669515260115,9.602506685784764,8.791732542995618,4.883889797494721,class_0
1.543425329375139,6.727478631993718,6.183458001236163,8.300462093619052,2.2378806772015034,class_0
1.852440339697444,6.930008000115978,6.1308434976709965,6.420462699062183,2.187207858801284,class_0
1.4284688772096823,7.1977954063727125,6.403260278388088,5.199359073914668,1.4455825060360383,class_0
2.8256824894821255,6.093209918056715,7.0333440611108875,8.3199112696894,2.0279468780921346,class_0
1.9245133045168483,5.676008721029772,7.512216165786812,8.120667252755636,3.936701086630298,class_0
1.4286478516207772,8.400268330925655,11.796690695514034,10.304764969920065,0.2893805654324684,class_0
2.0406639780104805,7.387427360662265,8.724553077034098,9.467155992637677,4.260643314134812,class_0
1.597135112016015,8.95349364334335,8.238568283676281,5.495093081203914,3.40659003286658,class_0
0.248683531447627,7.074862714280469,6.398079838290822,8.99357007445876,-1.2963994546010236,class_0
0.9719127294849407,5.521655002174032,5.626159920274706,8.024980300078674,0.18909825227523402,class_0
0.7748468657358855,6.465887542953361,5.443653967448789,6.5228385160109035,3.2483672834314143,class_0
0.549211478865475,7.945208260988277,6.183621523811244,5.731836768343866,3.9604754111792415,class_0
3.089953285831014,8.243419391623997,5.328648669435892,9.92259325844689,0.19826861559518383,class_0
1.365300373805551,4.981475856792306,6.51550302558346,7.678545728427754,-0.30420223219209497,class_0
1.6362333167460037,6.908162641068056,8.083838522188957,7.659206322693887,1.9501494601861877,class_0
0.8071658012128958,7.9899382184425,6.035929739315436,9.156384842004424,1.923783034878947,class_0
2.2141209036143725,5.398128405943068,3.2794724486911293,8.80343817757918,0.9659015286963677,class_0
2.9927311436234074,5.727213320192133,5.417866800534482,5.784861439949736,2.1426571739598903,class_0
0.49321336506350866,7.610873956996384,4.468503395901067,4.361923698192628,-0.40259798138695935,class_0
1.472774676369872,8.377898913127058,6.215627569361794,10.169570277332724,2.328665040912326,class_0
3.194850713007411,7.8791873054620885,8.753982978633477,5.836151259396195,1.2277347267303045,class_0
-0.24681035781480887,8.524145461737557,5.717114612973797,6.853227785376478,3.4390865019834287,class_0
1.897333560814927,5.320648504592274,6.493809786419208,8.339420803552375,2.028981033918435,class_0
2.1329924645706093,6.530891460399455,7.903939253672637,7.969008718179991,4.201924435663616,class_0
0.5251149081774447,8.14261985885441,6.350084861314476,7.146731171291211,3.2565944742837276,class_0
2.817139743449161,7.471026169978173,7.089789189004412,8.761320546563043,0.5365932309132073,class_0
0.7217226741330709,7.642551575430942,7.234155784041901,9.179230203838515,0.8830205114003722,class_0
1.1532009280445388,8.25222678280629,7.762126268550989,8.677826179598572,2.9537204081269923,class_0
2.5209386903407,8.153029789237143,4.663107646899881,8.134991521426555,1.0436906940517383,class_0
1.589506146535977,6.313932099705001,7.44962454935094,5.9324271818602305,3.3447660216622657,class_0
1.8238170754026566,8.447322098117448,5.249154683235773,7.805342494784645,3.6099125672505217,class_0
1.6334470434377169,6.560736098561549,3.259129949893529,6.248892970587476,4.511125679071659,class_0
2.005495292696445,7.202353278330709,5.740102720129634,9.224355552385784,3.3757083233518763,class_0
2.1349004683327184,7.121901737367205,9.612861582076947,9.784310406586249,1.6044415015657996,class_0
2.1438073281519676,7.61220349364251,9.316267997468504,7.676584372117347,-0.4986365300022686,class_0
0.7667998284472777,7.21992614201318,7.178509540887452,6.354979189250532,2.954588327129337,class_0
2.513024232097049,7.072494297994688,1.8650110789162042,5.341086823063438,0.47552819903705523,class_0
1.7970005609312454,6.480563823700849,7.297449784442871,7.3300702835955285,2.5592353535986248,class_0
2.8114450747856097,6.365049618704989,8.782304015927878,7.940216220746267,1.3855391636148355,class_0
2.7737100208318295,7.781419741825683,8.395087024806163,11.186103137757877,3.926305904730313,class_0
0.5009998800658915,8.133513013751342,5.097993495597137,7.046266582912706,-0.3304454690659955,class_0
2.8394746085913276,7.886448476110174,6.8615636284699315,7.15987647303203,-0.8478572651861453,class_0
1.8722789107467708,8.20021351907559,5.215176445265939,8.526703234221285,-0.8244602238283663,class_0
-0.5351586476953814,6.505052586397886,7.611602645988656,6.060076915027847,0.9234675457076627,class_0
1.7446029925727045,6.4811053820855085,5.269704688791116,6.028994471987712,4.043511005007873,class_0
1.605886498327818,7.490968843782501,5.868941614496918,5.730399535078446,1.7876828990889964,class_0
0.22716667253994816,7.855781551384182,6.596420084200979,9.800557633809339,-1.160250127813328,class_0
1.673719881151919,7.81028220216334,1.6625118980128066,7.567300414764126,1.1818765232475112,class_0
0.8453505191541845,7.022271390388051,3.1992428725534867,5.71160510304462,3.663226786472187,class_0
1.0098108545429674,7.763848460939583,3.5757831963684237,7.717174727653516,2.7506416460639347,class_0
0.8196054622358371,5.610252503407672,8.17629693621174,7.4211990623232245,4.515292721223792,class_0
2.061872196299676,8.39530209029377,8.03589516201251,9.146207089214297,4.1788982610431535,class_0
0.05222738329710386,7.234931835551061,6.668315503406748,10.104888121775339,4.635715863838678,class_0
0.7512971881855821,8.738505453743524,6.135404508848701,7.263776232606551,2.3590269027455104,class_0
2.6510342178787734,5.5555967007975555,8.26059775943111,7.27271602265176,1.156862715122981,class_0
1.502008378817845,7.020719127538011,3.495226718774296,2.911451310708637,5.168268755814546,class_0
0.0641117497239223,7.48139990737164,7.226645870538935,9.159457321168471,1.0013751700607378,class_0
2.202854765273049,7.120294794677191,6.894541985055951,6.498630518008775,-1.3379881320054268,class_0
1.053764573637742,7.2942816304892455,7.0811570438825795,6.598248841777509,1.2261133900648629,class_0
2.54216484258018,8.224509867844818,7.324936119598743,6.735822188287765,1.5696239732307309,class_0
1.278212473058836,7.74853127803614,8.30055224960313,8.247145476655007,4.1378581742802725,class_0
3.6683242886314384,7.390757150503705,8.79777960410345,7.855435498396691,5.754846775076067,class_0
2.0644025773704175,6.734414040868143,8.924588834953953,10.79228518229235,1.692153510485194,class_0
2.4385611679755317,8.105980393178095,5.784135716377892,8.802727913702855,-0.36497481606327176,class_0
1.6423666934311085,6.221680734283175,6.538767044279966,9.436234752442243,1.543382593047319,class_0
2.4104089877211234,8.86105211388194,6.900525329455059,8.421190304696907,2.3814549658244295,class_0
2.0504720639639866,7.4842709725724,5.440587530528733,4.832113028043603,2.4250337730815277,class_0
2.032533154151261,8.54017753440308,8.435677125796715,6.290645924176719,2.421613367815156,class_0
0.47398432540222357,6.931491119014776,3.3328070217667185,5.28288629733804,-1.1567395587145208,class_0
2.7110749734410122,6.304743618342351,2.417391341387926,9.095938571938015,4.327191361144612,class_0
1.3103150687163643,5.0739842861978826,6.777297048418996,10.36097301213063,-1.387580889325676,class_0
1.1338459349297108,6.532043269059421,5.0655309334332,6.657792590408796,4.477900524701026,class_0
-0.17541935451842638,6.651846740991594,9.09474158566986,4.502092717050958,1.2371057873623492,class_0
0.8132538486085334,7.755082092629883,5.865178291890449,5.766314808789183,1.9207724370090595,class_0
1.7114201791248722,6.974878861714564,7.295620354950868,6.5806481987901515,1.3126199607393336,class_0
-0.34476735172914474,8.286288097661389,7.603425490220891,4.9650663564246615,0.5149481419656201,class_0
2.846933242569934,7.856792128159112,4.58501290803136,8.189904266730966,1.7347643896464584,class_0
1.1113827636258382,7.083894803053903,7.89658243181073,8.954235869513255,3.041279365500613,class_0
3.325506487403082,8.34228247136022,7.67768291842796,9.3628397657212,0.24097678977690284,class_0
2.190809615173002,6.985850248201904,5.286600518129319,11.291137382841722,1.1191889551506098,class_0
2.020154128085998,6.154725854220601,6.251941421905336,9.473638880412533,2.2401932403374802,class_0
2.96840691563481,8.6166001172787,8.278935105041692,3.300250624730909,2.332184460892112,class_0
2.10231535804035,6.05306315084481,6.831363394873927,5.4157736766636555,1.4015333202631917,class_0
1.9816962236162086,7.0725161361332995,7.331429879989049,7.949034373831519,1.7672489718086368,class_0
1.9938741326024025,6.245148437677828,8.007806756135203,7.682340921960723,5.63221224527111,class_0
1.1281717263676048,7.553769984521398,4.842103985497685,10.060716021678783,3.061310395050109,class_0
0.3541266098719309,6.873655048246672,4.308363242928131,6.289616941703908,4.452139530631007,class_0
1.6717978237872946,6.831610719290882,6.837542948462602,9.95456797123843,0.04934097806211435,class_0
0.8403417803574471,6.733328706351579,7.2399279018449425,11.155908319819213,-0.9613215400520567,class_0
2.551271842266291,7.313628819066481,8.028747715336863,6.047850457797722,2.3054832678101103,class_0
2.774572862484007,6.932242330630436,6.678636119640568,6.035775005817904,1.296004552845598,class_0
1.5436995813504077,6.731330080307422,5.911241256219908,6.992152145783865,2.011463514328495,class_0
0.757839577357272,6.73147206039217,8.26745200286034,6.543785004359167,3.72038586856565,class_0
1.2326231855100027,7.576735828321068,6.144236997390244,10.866675001043367,1.8405686139323123,class_0
1.5485046180653068,7.393819785967534,5.6789371663386605,6.190297183251929,5.448911560933082,class_0
0.9028205390747428,6.959676204227864,7.2805372012911596,11.847201702251237,1.0557292678614787,class_0
2.025546095208662,7.781520156904541,7.051910090001681,6.701086908666694,0.8537964669866442,class_0
1.5024636101372768,7.37421602940038,7.842557046267184,7.011936136788676,3.975765569055026,class_0
1.8804699704228969,7.1336188229352855,8.608942173607884,9.61584321314087,5.008552722377907,class_0
1.460857328051488,7.073279702415658,7.989561642931512,7.336665032379827,2.309957266073929,class_0
0.04300325581161446,6.851268091604096,3.607389469875547,5.3447426501446085,2.617929019263215,class_0
3.7922873731220514,6.94490759639824,7.867080910481054,10.264604486638747,1.170004084836675,class_0
2.435403005562326,7.748721384741469,6.531237237797298,8.621964333564483,0.8767336553384231,class_0
2.372473439248949,7.196950077628955,2.7477595795161363,6.343132233706236,1.2620026519931502,class_0
2.253414356626933,6.3274262489373525,6.316940727386787,6.099777056039365,7.084689776583922,class_0
0.6823127316426999,8.143365338752586,6.775253086242569,3.635493132963207,3.344636379522394,class_0
2.1765464059771578,8.322254553506944,5.356623891904677,4.057991752308858,2.5335003929321673,class_0
1.8823317951757825,6.427285799256812,7.053648379611003,4.0586730831538285,-0.5944886015800988,class_0
1.3439269318308176,7.029201431607024,8.132121881022345,5.530419519227035,4.329103272439168,class_0
0.30768229501123057,7.51102671930803,5.391790721987398,10.816102358793717,4.763291592564627,class_0
1.2036851697818434,6.89666922032232,9.815014656028264,8.373416741278406,0.9582074209153342,class_0
1.187560697566891,7.57980962844427,10.075101279059707,10.202983693123794,1.302562909574532,class_0
2.4445691778395604,6.062876537260537,7.099974620708448,7.072708648875637,2.9209826334462536,class_0
3.701349826273488,6.857610007600657,6.82716610679293,5.668351183342409,3.8082869056311885,class_0
1.7615892780124167,7.6928424065114935,6.165212959667946,5.639976095752688,-1.407198107490426,class_0
3.027280671042064,7.854405440749939,7.302982073778187,11.10598712727154,1.1662369180717032,class_0
2.9751685376531403,7.358938714522366,8.19434489343629,7.014628919116658,2.7621995602648193,class_0
0.5182254858663109,6.794741937649315,6.015441705129216,9.842570596840556,2.0294698277001446,class_0
-0.2006248689312049,7.093908667850771,5.693526532451802,9.783901332959134,3.186868587705315,class_0
0.3326907443543192,8.091240966028263,7.539938563574948,6.7465544885040405,2.4451916743103483,class_0
0.39019165809231393,5.973633345411995,4.983236377547801,7.113235838548552,-0.034822639969517954,class_0
1.292526701609711,8.359573563079245,7.134934290786802,7.878605310921672,3.58601946070021,class_0
2.9561244927792476,6.963113336449766,5.1178146145468935,7.341563823527799,3.7973248445067647,class_0
2.0766197604104217,6.561749468248626,7.186923289958401,6.598774043518248,1.9260482285167002,class_0
0.39351772453005207,6.639443655580008,4.891280780479087,7.185216964060727,4.577796782098596,class_0
0.6011224313755692,5.56314273787099,6.736986963394553,9.491956225592041,2.54945159053468,class_0
1.320849531860425,8.957505448630656,5.408513621188014,12.178314230465785,6.327398920733666,class_0
2.5422107233361957,7.384989137659453,10.527734471448193,5.1553028818811075,2.838863047658721,class_0
1.2508344300072176,7.652429746021876,7.668487220028066,9.220268350087856,1.5448865930970044,class_0
3.0451938548517736,6.606872608119094,6.117362959300107,6.376309832707975,2.9170198491236503,class_0
2.532232067731713,6.564518479154022,8.730946419489982,6.700040971684601,-0.5319121130587603,class_0
2.642314768414599,5.7713893661778055,7.3630145138143295,8.668219956429688,0.5120478451695576,class_0
1.5564808697522667,5.671908314509149,4.509904483645348,5.635515593658297,-0.45065931286357674,class_0
1.9350261350443896,6.223857520103714,6.0712353539572605,6.470792866022443,4.6200459876868525,class_0
-0.2442590076101374,6.682774361543216,4.364535938456534,11.205639578257319,3.4019209877987997,class_0
0.9783760211059186,9.107038992988455,8.809250382937929,6.831836723189073,1.4811954139079255,class_0
1.9684813090077642,8.329616546824143,4.774293689116552,4.346624246617125,2.939130414379673,class_0
0.7639616618325087,8.639577802919108,2.10851335085023,5.72779009923226,0.10196687827663542,class_0
0.7061286072496266,8.117531855397063,8.306075650475925,9.449312578670042,1.224204921350898,class_0
0.7737465967428164,7.0054335077500935,6.058606911103417,5.690931441094492,1.5393860509309456,class_0
2.965510840569153,6.672382549662868,6.361778169126352,7.554440387047396,0.4344711918787105,class_0
1.3533192453123162,7.319456165494626,6.2798326708679255,8.180666372076494,-2.1229432469068406,class_0
1.479273559574073,6.384214413590934,9.365957296980508,7.886854597980443,3.0268246745384353,class_0
1.7374389537420327,7.228486179483082,10.75486664626052,9.397754849539137,4.656780287497849,class_0
2.728728664793305,7.966448118527177,7.307967031236742,7.631516153414402,2.6523454450226134,class_0
0.25652296623500104,7.716472367116329,4.947088230940911,5.434111858811331,2.5443551936252677,class_0
0.3599438424789081,8.595889704402877,8.774523233530456,10.533512067159958,4.959224562955303,class_0
1.447013335383301,7.3533537485603855,4.92149047438067,7.066329045912495,2.180267267715176,class_0
1.881980453816529,6.0818620149828035,8.701197882069353,8.422913614234503,-0.21842895029998433,class_0
2.7129432863404235,5.408461932459417,6.2614816237667235,8.74547988023808,-0.6111207491691149,class_0
1.6336957298293442,6.334094276000198,7.600936474293149,5.498718229644799,3.119293258900323,class_0
0.7539399878431857,10.49410135280625,6.269891636235649,5.754205604620642,0.8679952882351796,class_0
0.782287612599952,7.238921708623788,4.746059805111123,6.118251962879082,4.70340222504217,class_0
3.8526018978253416,9.544482683441899,10.781175301352729,6.558897418370764,0.8457825886987811,class_0
2.29327303013068,7.97464501293433,7.2116012949544235,8.51956252384606,-1.5416089918379963,class_0
1.1509832548017878,8.32341259240821,4.564989569849573,5.171731509239808,4.129517163033291,class_0
1.0203192004972954,6.824369835374479,6.7599939997235285,10.450502071631162,2.639334927921033,class_0
0.46711536867215697,8.482211234332155,5.18740314566652,8.399011751805906,-2.2068099760379503,class_0
2.5397317130650108,7.822747085855296,7.808978934023388,4.5404199616581415,3.6704533452029224,class_0
3.0909825801847384,6.724857968016897,6.558508125174714,7.473998634537625,0.09286291467457097,class_0
0.6025954675422742,7.165030481948337,6.155302134318541,7.193130502675148,1.5086320058498304,class_0
0.7873760424559415,7.443396585491234,6.790983474534691,7.134912232209338,0.8921383098219948,class_0
0.9069163257837285,7.647405338024861,5.614850298623501,4.990486017080028,0.7444193625355358,class_0
2.2389106568908073,7.825200557078814,5.937838527645958,3.3082026522040895,1.6191491280671833,class_0
1.4372672324037055,8.71941421577069,8.578775030032798,5.325952748695606,3.7296838770666074,class_0
2.3987349526432817,7.672170113566198,5.690659092854974,8.660683588465648,4.41824362181428,class_0
3.0644666119580464,8.926235743213198,3.945486678292354,9.674646742709175,0.9055617587239577,class_0
1.3946291636119588,7.119730059587279,5.858748949507412,8.211310110943074,1.3690938443024208,class_0
1.824114521176183,7.086220067965637,6.9631867173264475,9.805804227593889,5.938105157655648,class_0
0.21048753869998116,7.1567546531851844,9.828802724479651,11.266641555272836,2.101050661550965,class_0
1.6511272091383264,8.13029158921349,7.3538574435637205,6.414506860935565,-1.8165842909247085,class_0
1.4612414284115611,5.96423135240091,9.102231077899322,8.104423907580747,2.6262838195386644,class_0
0.007016614613703398,6.997654377928432,7.5994150899177075,6.632598403841415,1.394543171505911,class_0
1.4121858932585758,8.384618123960852,6.976707334965655,7.267900736793176,4.317864463000474,class_0
1.5835329192485241,8.064037592917225,8.030833180045938,5.388357248873869,4.4055269493907385,class_0
2.1032247546357232,7.148048011256838,8.471592598595802,7.9542027330020435,1.900330244299683,class_0
1.6023292401298743,7.889065638246082,6.1286745044299415,7.322187503151072,3.3624050360518476,class_0
3.031000459319479,8.352562895952206,3.147844844624347,11.333072821560847,4.38789898591253,class_0
1.3965493536713813,5.45284615202769,5.6804500006470215,6.201437428527479,3.355070356113572,class_0
1.7681020934513125,5.746219382566612,4.397580520825446,8.667256911662278,4.164003346299189,class_0
1.2056653884614132,6.899071151691379,4.744142753650916,7.346311428614335,1.3388954781902536,class_0
0.37871774043486583,7.129030682435523,4.582227927972587,5.827055373643179,2.1728533471912024,class_0
1.2296675566152424,6.486431617752573,5.57894132035845,5.460646192092376,2.7394641240167905,class_0
2.223601022045025,6.605444018705209,5.773355896965131,5.776007205158533,3.189023392960587,class_0
1.1591848525806474,8.161807299718888,6.92613393357349,5.955977984911201,2.8159252037096762,class_0
2.5832120235143385,5.649999213244212,6.93555791706553,5.51083094623204,2.8436392751284876,class_0
2.95178897833721,7.663261877415715,10.42398508411235,11.489710489347726,0.5696910274572191,class_0
1.8644129434414176,6.993261932626059,5.285813603496212,7.049128581826187,1.1596266500936185,class_0
2.1367722619647513,6.5148372663726875,6.186556568932637,9.734425706202808,4.453392877221873,class_0
1.3775453460025047,5.5899225311459375,4.451863142790877,6.099034387776915,0.7319269949227698,class_0
2.3760982551486607,7.63875825610129,5.811241840150534,7.8567940782078605,3.3516821887469286,class_0
2.5943213932605067,7.029070498343399,8.352280375909071,7.047317109459343,-2.3701084585598884,class_0
1.5243955713347985,6.787270148235117,9.851833273845621,7.297368697588195,5.218227822893114,class_0
1.682680146215517,4.768552373068678,8.501032903216268,5.9086543665686575,2.7724294761613546,class_0
3.8385023962357434,7.4534533693915295,5.391133212559335,8.985402377189821,2.0821474867463032,class_0
1.4477678718945772,7.347427948707029,5.1077335985155505,5.443384783665531,1.5112777797355093,class_0
1.3862904899240645,6.7288371220120915,7.072339644070149,8.653302422113143,2.6896913021349214,class_0
2.53767939076648,7.970494038562543,5.096163199028002,8.186188975446747,6.3163201565880716,class_0
0.9887111505503432,8.36612935568208,3.837418709659614,7.3872908127100905,1.9186354929972826,class_0
1.1670387194791982,6.9171652478183105,7.800973698890671,4.53108541889908,2.8355098146560787,class_0
1.5936628612350576,6.273717762542393,6.167094825482384,6.99504444816354,5.212174814851956,class_0
1.1978622239151058,7.078754756482561,6.893919178964975,7.386981313949507,0.4872209208998042,class_0
1.5609394352261399,6.181545178769452,8.627917316924151,8.616629273674649,1.195861689402184,class_0
1.5783264951951115,6.624395252654288,6.16583403841553,6.793618217046918,-1.7961858081630377,class_0
1.239123571563665,8.664615186023326,3.8312729742480673,10.194793143279478,0.3911419736808832,class_0
0.9973084043397022,6.94456023724365,9.444350525708106,9.77853049667533,5.121410549005908,class_0
2.3814411518432053,7.546611981818371,6.755774739253779,4.340084426795851,2.8312208577309694,class_0
2.7398988562327817,7.758387760538522,9.399109641102775,9.733876730064729,2.0628048616568795,class_0
2.035637127689876,8.985881864762751,6.026594821018975,9.64980141582818,2.5856535130577827,class_0
2.852152936190128,6.819046115403559,7.380027009774642,6.08486917030634,6.833851576800043,class_0
2.16827521848637,7.686291679896705,5.266597746933137,7.34154056945437,2.2865434467729715,class_0
1.5866880007524775,8.089528739657178,6.983562775376358,8.268046119560509,3.6414507456758716,class_0
0.21663660107735905,6.974651892877413,4.105974001366841,3.959301370794702,2.17412040701112,class_0
2.643309293413095,6.413896249554612,4.419327970393079,6.018671839536223,4.1456360902555085,class_0
0.985913021102501,6.189346216653794,2.9429385514592346,9.152401880723914,1.1527058647014765,class_0
0.7967105193990964,6.042498373146295,6.697815396311964,12.091058091670096,2.066016264297957,class_0
2.3478796570985465,5.892598511570723,6.445940211897327,9.197758209197579,2.5224220937189554,class_0
2.198016394342135,7.168841136158332,6.003867220705363,9.677755773949528,4.760230625514822,class_0
2.402639280851366,7.726025641388561,6.647678767345896,6.415293317032646,3.000162393531763,class_0
2.5749051806510836,7.579838967305733,6.951844699808734,4.292886495542623,-0.761173115347543,class_0
2.1299560644543583,6.9876226695818,9.927478639959668,11.042299346615128,0.5964819756944828,class_0
0.7961894129029565,6.01671022309878,5.919547645496295,7.9252197186168605,5.708477012033379,class_0
1.976218928243859,8.277449281305241,6.339621620143521,6.130062069356141,-0.4346364904799902,class_0
1.6897850203744031,7.359890646477826,6.780326314246204,9.641509956068287,2.2725936847031205,class_0
1.7381625096850193,6.405871939191392,6.522326894878748,5.210620261710614,1.1532453863587064,class_0
1.196078233102194,7.191304895935095,5.623546317001644,9.341781227802153,1.9278655325888707,class_0
2.0912003744797296,5.77445152857229,4.902425359333478,6.830718741044214,4.192608343364241,class_0
1.6189018789025584,8.328383806918318,3.911369453945504,4.968590546851417,3.3951988242097433,class_0
-0.13089279259494124,7.591469517827445,6.317355853990146,9.788545405131927,1.97626738803954,class_0
1.929968464383094,6.919268137472374,5.504501157328676,8.256067174899357,2.7196363179599863,class_0
1.0852200422426164,7.121885233705205,7.748558701030403,5.031035045013442,2.8872956493531494,class_0
2.6521428756173706,6.894604133196905,5.931995021762903,6.8684908492094054,-1.734437315917305,class_0
0.0982773626077007,7.2903583913682715,7.0134415958600425,4.60619393236146,3.5333836369663967,class_0
-0.0002942368010541152,7.912487809941407,8.799506936173248,5.119436765659854,5.266617831653773,class_0
-0.4210632411658404,6.14948123999554,4.4878097725502,7.496205734265571,2.4859558098620975,class_0
0.7918835198570003,7.259973468307597,6.322074347196086,8.950781915841429,2.4407090576976995,class_0
2.2026515063493664,7.142894554506498,7.827590467846033,10.635628895597785,-0.3408560973671797,class_0
1.842046191040452,6.921526781733147,5.681882018804444,10.219214804036936,0.015525288501019308,class_0
1.2604080054580316,7.303931023196357,6.66168055648913,5.869608163290575,-1.2049594730572717,class_0
1.5816283453103863,6.961561972484444,6.69917995285015,6.420823295880077,0.42203863129704056,class_0
2.61121010353507,7.0042772781975655,8.013647832159375,7.036280351079171,3.3171935784585074,class_0
1.8544988490782603,5.744568216279023,2.4274848291932676,4.416759587609635,2.4812797068357715,class_0
2.8809964805198214,7.246072447114518,3.831213244625373,3.6751442690312404,0.9428562279718609,class_0
2.2627636957478026,8.22011162556353,6.653030502176846,9.486793606071911,2.5175432711141355,class_0
4.0640289457361485,7.961557844561349,3.6828723842756377,9.18961097759114,2.783145314224244,class_0
1.3877599963087537,8.390361152293547,6.408176607028239,7.346867661359834,0.6573818699323388,class_0
1.8739145254597096,7.200049245128649,7.194873011476522,6.652597900202103,4.6851298861230894,class_0
1.2476832280473384,8.078693638983856,9.033021987950931,7.1818524049298995,3.0891251064261547,class_0
0.9489268669362406,7.3939323667336945,10.651073595230388,4.10258452666843,-0.7799628252551369,class_0
0.36337589035247686,7.615269555856446,7.710653818095912,8.628236619327529,2.9558652679150295,class_0
0.39097424102892275,8.45108113126656,7.585156959962236,3.820536350021255,0.8930570938265816,class_0
1.3303161536972974,7.635436703733571,8.56685979844873,10.683344867091463,0.6603241180684083,class_0
1.11709874012024,7.014937408740398,8.026269228898533,6.324398643732247,-0.1838516529411418,class_0
0.16597027093276306,6.4626157722370685,3.5385662261143076,7.014415728161432,0.7817535101915785,class_0
-0.28488374025200347,7.63107816836242,5.350345833556698,6.419381151432704,2.7485155504416214,class_0
0.6978799695843477,9.972006957237483,5.110036196980044,6.978601917920394,3.972867646264147,class_0
1.8948618598751699,6.415809419387584,8.700104973469593,9.957720683515346,4.725298371970382,class_0
2.3813050259815856,7.615665698235709,4.656541096433779,6.685466971070285,3.7573397160370896,class_0
1.4666445477880794,8.737522985433042,6.145931225697759,6.263047912784394,3.3010519311034487,class_0
2.328253719215225,5.854943080175447,6.811268827131584,4.361964174795815,3.288012508718404,class_0
1.4293601013695862,7.618901546765383,4.100182414142061,6.853666344910617,2.1827077588358317,class_0
-0.5158903508857269,6.134999325157359,7.1687642155502465,7.126395534965073,1.7156751995773727,class_0
5.998870314307391,4.823635059257683,3.3250676074623398,2.026762259864051,1.1719417846733502,class_1
7.719383994999529,3.1381025542983565,5.009312713624562,-1.6940509979780662,2.6707917312127663,class_1
6.6287689682200295,2.2011175697504446,0.5421330122224428,1.9368873644877604,2.328532607156204,class_1
7.4262380202370615,3.117073020300272,4.725592324812887,1.229122043141298,1.0652401074755036,class_1
8.288873213761718,3.940647979932895,4.200760859675039,1.8228666709459729,0.7173363102544813,class_1
6.68995926217524,2.4447441485381693,3.9703335900978334,0.6850204143321622,2.422338888698314,class_1
6.023895702309367,3.140165938623369,2.5526260804477086,-0.9631641642742628,1.6720263091595224,class_1
7.628246107547724,2.319425529088336,4.179424788142283,2.8134228599502933,0.952204703714358,class_1
6.580988918152826,3.586918861988326,2.188725806979494,0.11959539536925468,0.7848169427415296,class_1
6.268840850887646,3.914076542513718,3.505682028059491,0.3435845339981528,1.8222817797304955,class_1
7.506313403731102,1.2225740067831141,2.112772814427439,0.36454825285090053,2.7071471539963756,class_1
5.858300106184148,2.0557316857832473,4.120382258395261,0.550921483601863,1.27614975602682,class_1
6.616886736450985,1.1494510342723234,0.882066149626866,1.3537536873778444,0.7314423771602286,class_1
7.6959432784951165,5.025093035433908,-0.41434359667982834,2.3628801977296585,0.45935058737783785,class_1
5.902503489900966,0.8133449421608503,4.362585578986042,0.23762288675413368,2.017356881542016,class_1
6.577919591245552,0.14579536810130644,2.1800031340244455,0.013323526437870825,0.9110862646315214,class_1
6.249983689216912,1.9287709206389776,5.244732170020218,1.704332655381992,1.3066318212034918,class_1
6.062709713286314,0.45982595185030095,2.7297940372042424,3.177442333822557,2.1109006137242945,class_1
5.8184810805110105,1.6957926792681213,1.7119596997915012,1.4992491220107826,1.7423266250954605,class_1
7.740218243812419,2.649259076154113,5.952733013197557,0.6175470894762365,1.957425781491533,class_1
7.473642928681993,2.8613529645746505,1.377059313517782,-0.5940142611367725,1.3831860201040544,class_1
7.463962956891414,3.562208327632046,-0.2937222687985188,0.8992129850473488,2.150332490255722,class_1
7.3467372568365095,2.5270869637645315,0.2349534165381546,1.0243286047626172,2.010847019289079,class_1
6.638209515671057,5.030639453268758,7.166031031029494,-0.09829248324540607,2.00444236846203,class_1
6.071656454506557,2.7908643424702095,3.318357403183564,0.533217514320975,1.3391277666143218,class_1
5.50214424758635,2.802794030465319,1.270772492711623,0.7402657324515679,1.0179617823307954,class_1
5.146539593112064,2.471635289635987,2.991833920456107,1.6508897470709987,2.1557253035868604,class_1
6.147715635780336,0.7510119677038216,6.870583011665652,-0.28308572187884495,1.725751228997387,class_1
7.214299657282295,3.5264180236110696,4.137654087093361,-0.7205088616122091,2.9901587486210968,class_1
5.6726232616275185,0.05248353058425659,4.1122280790304515,2.9506069339124013,2.58017171597315,class_1
5.1136873463053565,0.07797875400734489,1.061848872552365,0.7521074193912243,0.8613794396455523,class_1
6.873831975763201,1.4966759461365375,1.2091090552979682,0.6959683715184996,1.4433096400738232,class_1
7.797226945147892,2.278131263482378,3.591222004681227,1.0705481770430874,1.189331374277878,class_1
6.961882345694623,3.23750071831107,2.022532822136683,0.1017509415171961,0.5631095938782029,class_1
5.805797066858837,0.3933290653992869,4.551663529734208,1.093964853086424,1.9156275072936344,class_1
5.843314785988506,0.8959855971523345,2.2755291159579603,1.6568898950595279,1.6733050643363634,class_1
6.469916583773917,3.1567212285943724,4.524595537918216,1.9159736234729072,2.207624957432972,class_1
8.093136951600894,1.0517065152416454,4.706177361092616,0.626251218764375,2.709341228375438,class_1
6.733238548945786,4.922493750029309,2.0596303618787957,-0.08804911008657601,1.7632538131146376,class_1
6.813311606604338,1.4891387850881688,3.5346939181978723,0.399168100761614,1.8717763777820733,class_1
7.683566276826216,4.039633636022247,3.866312327921196,0.9199710711372279,0.5246480074295226,class_1
6.804303161994036,1.8720960492843806,2.3908389956310403,0.7729818786288256,1.63529071871044,class_1
7.141878317586219,2.075161882311035,3.207361341145928,2.0029145408948192,1.3374991397792564,class_1
7.551081632586346,1.619273630909393,3.6171469186717102,-0.07718346968977619,1.5746172732908863,class_1
6.338806641922036,3.9776261718596153,4.35084850384897,-0.17643979246121677,1.5207092503689668,class_1
7.533496446189142,1.0062934762326683,5.748236041904441,0.6101280108272611,1.682916841740637,class_1
6.654891164934088,4.575268251377424,2.6542925382040834,0.8255943883113183,1.8794551058640132,class_1
7.155304573795338,4.371230511120626,2.507192137367583,1.0463797715360854,1.3330565591635974,class_1
7.251120914316769,5.396390592284398,3.478502768431981,0.9257133510308639,2.070965018402139,class_1
6.930346900487351,4.41004854189927,2.032651608069,1.0630436308949343,1.981520487934382,class_1
5.477742227853158,3.630954109395848,3.556918954559652,1.6165262315794433,1.8677168702566929,class_1
6.077096797765029,3.4914265050652187,2.604303886337387,0.44563397988407416,1.9460630195717403,class_1
5.7761202958551205,3.4132931129002904,3.625451608422514,0.7680369840227999,1.8447010215589943,class_1
6.259197750975389,0.11770916843993984,3.7753169829667614,0.986957547577846,1.6883292625057855,class_1
5.692114737716149,2.192739497968161,4.214492837463211,1.031321145652716,3.3778469952050543,class_1
6.0709636415991355,0.8185688607336019,1.4374447746699528,1.1466099863740182,1.2848946237604604,class_1
5.531525354823627,2.806399394491257,2.721476911306306,2.0853628791450944,1.652717444529806,class_1
6.894110429616972,2.674721337436706,2.9778013120923896,-0.032852677309289646,1.6649879401492698,class_1
6.983675626604373,1.6273410295958883,2.1303073281841254,-1.5905808470930305,1.3174000893297875,class_1
6.763398730277639,1.992120603097333,3.7189344571663976,0.690735335538151,2.1954471042366612,class_1
6.97388236093769,1.4738450475132665,2.2784033136763204,1.561739779133918,1.5196682080078052,class_1
7.392299225375894,2.911559498593866,3.3405359822643694,2.3814103196985523,1.5750132377305885,class_1
6.0530992893542725,2.6405805292289513,0.2687515521402979,2.2190397010474157,0.8247229832678488,class_1
6.470987638566373,2.308489598807633,3.9147479157668137,0.6107898037351661,0.7488693487182195,class_1
7.558859586765635,5.363626041764295,3.1113635442423573,2.44691644449195,2.221545073931148,class_1
6.3738879690744685,3.6169679493533353,7.086322755029475,-0.04642528565300319,0.3518484265104007,class_1
6.992100126132497,4.602468554838957,0.8287808093842131,0.5841775192282544,2.1827298210124475,class_1
6.842666555358498,4.920540823014696,2.928971534822926,2.606132197161445,2.566095095479436,class_1
5.9715938027703235,-1.0696157023664994,3.0383253202939593,1.232827293492534,2.350571910822798,class_1
7.4949598189144035,4.345365399549793,3.374166267037752,0.14816362518787263,1.5000751195736026,class_1
5.8223917102288,3.6012456576887493,4.101905603288807,-0.03453215088198314,2.0761121376542264,class_1
8.051869009878214,3.173542639363067,4.132510896722547,0.21584481935747735,1.3097069158339305,class_1
6.656509811191269,3.9964874411489566,2.199728552265592,1.375420192544181,2.427578585252599,class_1
6.420889302610602,1.4498894572837946,2.4767689614987187,1.6363277582960274,1.033822735055967,class_1
6.502040434848656,3.7076847540544184,4.486704174420893,-0.038447833899101336,1.5381900363225314,class_1
5.592715053851797,2.0123321786787174,2.409501461854999,0.41759800879505765,1.888975022005107,class_1
6.250216398502266,1.681257614962009,2.623433181820633,0.803945819518362,1.987072387734611,class_1
7.236126023423026,1.7225348791694581,5.0689004602138565,1.9020678973129463,1.1114916388712797,class_1
7.992976303022241,1.8283480978494877,4.097602855000426,-0.8752986556045739,1.2423721925642646,class_1
7.069234431735948,4.562121755797035,4.624358982482255,1.4140926797114,0.6157216231643888,class_1
6.22185131019,2.730398563230746,3.7298744163986046,2.244919987733921,0.5630671867809119,class_1
6.5112519053676365,3.118776092497779,3.578909618267661,2.149505842576783,1.5465586873003445,class_1
7.913246047323668,1.0216909007044424,4.262060257612873,1.6134513402664443,1.4497646639077595,class_1
6.005112274233288,2.6095986966030593,3.447552579261776,0.8856608006991089,1.8877286903975572,class_1
5.816648649286286,3.8894676981734966,0.38541459347836904,1.093393420082252,1.5399556750088121,class_1
6.836117451092711,1.6368039079384316,2.183008056263928,0.8434042322793962,0.5338505202929573,class_1
7.844140447013768,3.1737489966774435,2.7827650460518423,1.6453770938688286,1.8642053314127793,class_1
6.863436265154711,1.8722171408425456,1.333212254313451,-0.9332694613304735,1.9656806680735297,class_1
6.6522108688756845,1.981399739628195,3.5535432877298025,-0.7888723894371552,2.472427887341115,class_1
7.018027997875831,0.5323830503920972,6.068054094648813,0.24529427372374313,0.9504824009138788,class_1
7.220423812339686,2.302731267910241,0.7244192928337427,0.27689519133550733,2.4930037039329265,class_1
5.853890321149084,1.5205426530653858,3.081199783564739,0.20009694638677145,1.4110269783418252,class_1
6.427612753023659,0.4991901676608146,4.5270602441086565,-1.2929494527465528,1.6326033921426744,class_1
6.2738059067902,1.8549050009487584,2.211616263635901,1.2946622275401938,2.265333809399852,class_1
6.338432455920388,2.4523872772226754,4.61228251071026,-1.3097033902073885,2.0359928253718396,class_1
6.44149912370449,3.174680954167223,5.5821783475160895,0.08253670085970122,1.963369992427123,class_1
5.792915755996132,4.593953915848897,3.3018269948098053,0.9365158783124483,0.5104773751780753,class_1
6.752222130957606,2.120744011772063,3.3893149263916853,1.9832918810096876,1.7257763669682387,class_1
6.846519519732786,1.6573476166406578,3.6763850224290042,-0.7282955361074666,1.2610698757637873,class_1
5.588143215256137,2.291945266089752,1.8969464569083818,1.3684718064666752,1.2074952889172126,class_1
7.452544677170959,2.25328088812774,2.125122946801869,1.3097172980480878,1.3854742074104338,class_1
6.06616729988716,4.540474264352399,2.6483415639794083,1.5824299452034716,1.023984079813824,class_1
6.940283582388745,0.3317807979780327,2.7504903636220464,0.6062279711891505,2.9966840218299424,class_1
5.697195897766824,3.063946058974341,0.5820076062419934,0.9784486252288699,1.8530956147109046,class_1
8.571206545173052,4.270816398131097,3.2623569143053714,2.468186466807856,0.1646901953877844,class_1
6.246173814514001,1.8235740173945465,4.163231656564373,0.6933862543823573,0.8461422639071092,class_1
7.758497795027507,3.281852443325324,3.0441143584929353,0.6691112658524481,0.2181144204607428,class_1
6.496400856460676,2.711374846643209,2.6396967788928447,0.7286000697619198,1.8171004066189311,class_1
6.222479012694997,1.4537211668669565,1.8101168019796088,1.262911852545298,0.9748143996430099,class_1
6.8769847035427185,-0.6877658087976659,4.3950225886303596,1.7069733124941786,0.4470925618125565,class_1
5.621260710004327,0.9690531126657542,2.0557999989164903,0.21148352519289815,2.710530949840983,class_1
6.8121502600244295,2.4014539331463722,-2.591359166086328,0.5367007037172374,2.171182267071776,class_1
7.170266260878679,1.5429666411084546,5.1777242338021185,2.7974123601633587,1.6341854673607386,class_1
6.080195473610206,3.6151509405642708,4.280516776659288,1.8119874262904478,1.480090704697954,class_1
7.411162931246399,2.1071707448121955,2.8656733267117938,2.3252249683154034,1.7668513861433053,class_1
7.185653636702378,3.4358057823685613,3.8897719630385845,-1.273032511270019,0.9599223692740855,class_1
6.599902353470237,0.5318175916274888,4.09573121333936,-0.4475885075332675,0.6870445320977215,class_1
7.046647395049715,2.3701376108396026,3.690411842305078,1.0232523551528347,0.6408876369808237,class_1
6.59478341244723,3.9496902776078304,2.9237533178664994,0.8850613641503776,2.815817148107211,class_1
6.2895790930803415,3.5113329732410685,3.1978843098196017,1.9267184582713595,2.2513409236215027,class_1
6.952712386380992,1.6214627410044147,0.2242959984754309,1.0895220508145251,2.474436944444691,class_1
6.236473484217215,1.4722094879941818,-0.03358724699707283,-0.3471543031175841,1.4907624664294064,class_1
7.582523341090809,2.6114731320654516,2.1016019707356364,-0.25930615715240846,1.8170411359047165,class_1
6.38646951880643,1.7728820614075191,2.5231330052414966,1.04493142769773,1.8485638892776741,class_1
7.537037458990774,0.5256685279980873,5.434576547104312,-0.3851276055707409,1.4500344350305145,class_1
6.062718631673512,3.030867316235594,4.322415265650212,0.6707522945982187,0.5488531826507683,class_1
7.19552921604558,2.724448790374727,6.003137297581535,-1.3093117640799345,1.9712838423790466,class_1
7.220015742510762,2.144659270917548,2.381317699428219,-0.3588366706994661,2.8766020968546213,class_1
5.567700097590172,1.9074081307053627,2.930910659466981,0.5106288247342954,2.7620895882901917,class_1
5.9588155682217065,0.12508604053121886,3.6239042096352163,2.6153938486589103,1.499843220126976,class_1
4.752904625131412,0.9501883845199037,4.265036406570283,1.0345156392952293,1.4946648092011319,class_1
6.580428153034964,3.3198906668645223,5.606038941054335,1.2132738753892252,0.5495445830058041,class_1
6.509051211745199,0.7993567274665354,3.2121706268079433,0.9703339582042392,2.101199229077475,class_1
6.9299627869119975,1.8819671534214661,3.0725101735460374,1.227439808757995,1.9583617765161336,class_1
7.858773327548926,0.5014316460739943,3.0888767072273082,-0.5172062784087048,1.5283601117764922,class_1
6.015204030313962,1.4853068926557862,4.558622908720426,0.6180911992806575,1.7999804643842805,class_1
6.946292656270114,1.9383017867989112,3.2583456748025363,0.8129205299647884,1.3508366562915992,class_1
7.155276491320859,3.580231228624204,3.0802372608355424,0.36190839001347935,1.7428849391643886,class_1
6.970293161896558,3.6176860347368778,1.963738046735795,0.7959758916948778,2.2232304355450654,class_1
6.212802048044899,1.9690488563324797,3.219447316247237,1.0058232737407997,1.2979710796660993,class_1
5.080241309821993,3.7038651079171196,4.989746080588086,1.770780342874891,1.5983747128270651,class_1
6.645258691312263,3.438300712032741,2.1367083360909778,1.4689000642179062,1.6633503408132737,class_1
6.5785776225407755,4.471428641493027,4.303566575201895,0.4539947422213485,2.0473991251586283,class_1
6.479440640652638,4.303233398418048,2.3234147872903512,0.24973903784244167,1.4425603505980988,class_1
6.25570948506698,2.4750001554856236,2.063554149774717,0.9576407954380266,1.8379505927814348,class_1
7.1097495021990955,3.5184883767326207,5.918928778533101,0.902886547342896,1.2491164262183618,class_1
6.205537908948127,1.4552369384374089,3.2074413291854458,2.7977288984026867,0.40189383041109017,class_1
7.3297796669086015,3.2118358025837073,3.205369084151692,0.4069223138245914,2.153075838988455,class_1
5.324219340545608,3.315594802457738,0.8995589208110921,0.8485722485871673,1.2628216510301868,class_1
5.797262463627728,0.44233433291379964,4.310791455402819,0.5727966599950949,1.8036366917224502,class_1
5.59413473279861,2.454122785380464,4.713972003774546,1.789714236915314,0.9032735651870695,class_1
6.340671462327509,2.2470206817201244,2.86561429539197,1.175058950102573,2.9936379435039755,class_1
7.2458990723393075,5.6886073039082845,4.8299926340403445,1.09394519482097,1.1924423090790282,class_1
5.377384032445894,2.6542219431157017,3.625427776478241,1.7756071823749608,0.78136809580476,class_1
7.7655214995232775,3.532034768633104,5.481038931945564,0.2730697276839711,1.6017883588991242,class_1
5.286898008867356,2.22471002026391,2.844186523569329,0.5239397988368002,2.2326192551539497,class_1
6.496572957189654,4.907343168349652,5.651213824693877,0.02197849956846165,2.2482626734964324,class_1
6.647365184603665,3.760208782956562,1.8751950201886134,0.960513788483145,2.310733853418115,class_1
6.063886967004381,1.9328629569212923,2.835075949528463,1.0104965017250824,1.6731633037264027,class_1
7.5258031250937005,2.3627006011872704,3.715683369539118,-0.11873660161210375,0.4106204213952471,class_1
5.525338941690205,0.8788420359088285,2.665555270876686,2.663709136446478,0.4038395117015807,class_1
6.045276456316431,0.7932805842026465,1.8575611380945396,0.5403807928311303,0.5097995687870673,class_1
6.727683246831149,-1.174002726257981,5.449063829895854,2.060252696997595,1.3096616956459028,class_1
6.616898397116471,2.8331363597417334,4.964283609584527,1.1984076453388992,2.258588399045658,class_1
5.833047132496006,2.029139370962675,1.643929695193083,0.13580520844788702,2.4168264572853424,class_1
7.8686023479222325,3.2958049007253645,4.77687333157874,2.3043749976675287,2.1043559720638507,class_1
6.111677201909919,3.7822803140251127,0.6097030880365306,2.6013261526429368,1.581584542615483,class_1
6.737331027329554,1.6156336970360259,4.108695479026585,-0.08914567578791388,1.624280664005527,class_1
6.83874873975055,3.2878430078789327,2.884077987248854,1.4407584444315469,2.789778354768429,class_1
5.523174606630842,3.4784491741811525,5.368532556531099,0.7209991014000459,1.3741553908076356,class_1
5.425525704494026,2.3961820538758483,2.837006294920311,-0.5232353207196871,2.4794099058339953,class_1
7.090456868088576,2.1748313235955488,1.9782616963392754,0.3364666245933637,1.854279618767138,class_1
5.65595690346604,3.3755200218344426,3.454903118795088,0.12830479702808395,1.0263100748944676,class_1
7.03370134586882,1.5271459094628224,4.598817905529937,0.8963799900244891,2.187446320538214,class_1
5.753074733643253,3.176473781802085,4.46343125165491,-0.12370795082877062,1.595741021852993,class_1
6.030972976207534,1.6875575490991062,1.9673473445031446,2.264266120099353,1.8494386345870575,class_1
6.796083914261282,1.4729743131234279,1.833177384498303,1.758341414926548,2.0377334053043543,class_1
5.81181910068273,1.731053425100938,1.9459301189173435,0.19944546062668833,1.776478451237152,class_1
6.656244620777658,3.161673956292322,0.042370258352904866,0.9666818183612832,0.3959067847942239,class_1
6.918954333192273,0.3322409189056992,2.641870964468679,1.3367980768561063,1.711961657203944,class_1
6.462144795421902,1.3788044363359564,3.7232927845641535,0.8647611226580121,1.3366068848047548,class_1
6.346082964615047,3.282401450624203,4.123359661185049,1.17912611834559,0.7479411844376516,class_1
6.777238436964384,1.3377779516272246,1.627072032514156,1.5641541458704569,1.767091778924353,class_1
5.477888915267802,1.8213704468620986,4.716100315301192,0.8133841854430698,2.26486257486828,class_1
6.537772877927017,2.5770402465980258,3.919901580665293,0.613442839238307,1.802727223350947,class_1
6.182898025564613,1.654454928674487,3.7304759432236945,1.008102284195272,1.6806989164348596,class_1
6.213968371009294,3.4320346951449405,5.78208456197207,0.6832645871496061,0.8476136532136989,class_1
6.012022903732419,3.4908615864087498,3.7845484307252937,0.9272282005510762,2.0058211086028654,class_1
6.153731676207622,3.385732250021639,4.723751990968616,0.4710223702233728,2.489462011837267,class_1
6.338536616879752,3.6952870155836814,3.712021567293686,-0.1427799012696508,1.3628830215521357,class_1
5.294144725989872,-0.506291897437344,6.182842606919591,-0.1121637276386428,1.1633469604223077,class_1
6.1955557641694,1.989169303753534,3.4529818629065674,-0.3289797094161684,1.7522736142142081,class_1
5.978045640686109,3.949568747073259,4.103125055234678,-0.4889022889124215,2.1375718177818923,class_1
6.268968849507874,1.3631715163827804,2.7996343546417246,0.15075756149714026,1.438575690384875,class_1
6.021322562974107,2.129584917855418,3.731007063809282,0.09437204331264837,1.5986016381649226,class_1
6.4113133596350504,0.5373994386544236,4.381538788664504,2.584174126279405,2.749207132117135,class_1
6.8289475616868724,3.639579345461171,2.7534207821014824,0.4979851287419885,0.88600163612143,class_1
5.3943058208938846,-0.10932479911640058,2.973501298004511,-0.19903714646057635,0.8295462068706564,class_1
6.728070992795764,2.8597476132301924,1.541385920482337,0.32361023252782345,1.507130694125025,class_1
7.274803238571288,2.3893156455332685,2.473324132822839,0.5450895690345778,2.1811394654457597,class_1
6.571974036177603,2.1548814880377867,2.3901908660469324,2.051990273397819,0.8073197489246697,class_1
6.190055024862788,2.465816537417836,2.6057938203016158,-1.279387590342361,1.5889572974119437,class_1
6.568810240442894,4.797386006946419,3.423573940107927,0.13672404183312048,2.2363875941466524,class_1
7.216504720786535,2.8711625359024966,3.526879670093539,0.5491430731788087,1.8635453164694944,class_1
6.782128195332079,5.505059492561142,2.25001192171381,2.599195258433452,0.3929969679928016,class_1
6.392955609877068,2.6932821363822415,4.541447653647617,0.9160488595129084,1.008144545397729,class_1
6.2422580341128455,0.2282573507344865,2.203234098863028,1.5957892906223707,1.3650782765489138,class_1
7.507226630128198,2.7100240776468807,2.700276694172227,1.9929006247828138,1.0314022923535882,class_1
6.830540954648537,4.903066557430366,3.238442279929119,-0.6231378995052173,2.719536473200326,class_1
6.262866773108416,4.261283932856198,2.9549848634155316,0.8728972592417126,1.1989603895497187,class_1
6.994130452787903,0.883253058704061,3.6003001010637963,0.9228241737986552,1.260036530877601,class_1
5.530610053870129,1.034717057954999,3.3190193301535578,0.3928279543167432,1.6034908365791196,class_1
6.167561694165203,1.0306317513700554,4.605300045235379,1.3428532636308785,3.0219435170209383,class_1
7.8616750682074,3.2134935372693,3.1293539608900147,0.6964566121681458,1.6682346376247037,class_1
7.415784942654764,1.7845629149754325,2.584069187671309,-2.270855775879974,2.2124421855694605,class_1
5.978548360048037,1.0009081785367449,2.9528245864115488,0.515679383832098,-0.09585098318895802,class_1
7.991415306342197,1.4226524011887256,3.3245480978753426,1.8235182291575858,2.1527046584192133,class_1
6.839028013193985,4.185523507176274,4.679446744606043,1.2986033588100687,1.522957287246947,class_1
6.771194022111009,3.2748869728259686,4.6566977907971925,2.199034770378161,2.8129536195630367,class_1
6.333804914789445,3.6054312434052997,0.28607303593246813,-0.3675845534136519,1.3808197742165198,class_1
6.6165480469814835,2.367836972713656,2.9913181918326814,-0.5295158978808439,1.7350383631980995,class_1
7.479416373159666,3.079976215338313,4.066791672389986,-0.6716859929341872,1.1742961878727218,class_1
5.458186340560066,2.7130574922753126,3.3649182894310656,-0.16382217241408814,1.1511362512025054,class_1
7.773380833731249,1.788531045763032,0.5766246581652763,-0.9319042727447047,1.433258007750494,class_1
6.694288704024759,1.9554472961776335,2.8546081230474374,0.252050530726988,1.804983793596066,class_1
7.267152737839561,2.356781318079755,5.199844440791394,-0.05752502091135703,0.9910849934848724,class_1
7.057782259180324,1.853647155454727,3.829024785273717,1.1640095054287267,2.2452781498610768,class_1
6.915735983279338,0.9650729786999279,1.524437494732172,2.730740956151469,1.6107302828737953,class_1
6.0558013282225325,1.555540875661495,3.300781003872056,-0.058517064735201796,0.7326090853112167,class_1
7.172633007057399,0.7814122377190762,3.1451679266507675,0.6803884974580865,1.5842570341966558,class_1
8.020122093960596,3.245133801370696,4.121452348000279,1.160453992865074,1.9709713754267524,class_1
6.534533965154008,2.8369803761025305,3.9463380217017763,0.5966796880678301,0.59567590820356,class_1
7.209974032322437,1.5065556054493752,4.261241249705764,1.3555664254621362,1.725422148418629,class_1
7.6718485833337,1.5929824778307367,4.070332271126419,2.5715814665213896,2.023265319917559,class_1
6.789021427725223,3.7957588043220203,3.756045901456816,2.272073994616256,1.8870563046728106,class_1
6.133615288123984,2.28972712350902,3.239333043990367,1.4629579151151253,1.778311326150966,class_1
6.778620712751052,2.9419037120468436,3.7997099634479454,1.340503947499549,1.1298749001891215,class_1
6.8127621976043535,4.783505794832758,1.1054342226844764,0.7461444962596321,2.2873874456316274,class_1
7.73979100166031,3.318829773603,3.3014933564841775,0.3200375506278068,1.2044694930050188,class_1
5.835611783198538,2.845673454607759,2.525289873961048,1.1161708925734741,2.127788106488584,class_1
5.956974014193363,2.5109627613158074,5.98051900415607,0.8345737355516905,2.48523301342831,class_1
6.345882600426362,3.4984743619825625,4.858425229059837,-0.002718245736790581,1.5734635465781655,class_1
7.020679029290248,0.4239599083123815,2.5553850560877462,0.07782407786233458,1.059956607589285,class_1
6.493847674922051,1.9968061864621447,2.7306040279056747,1.7451088946367446,2.6767050852971987,class_1
5.692668522685077,4.624218817915391,3.7182310705243657,0.44427305699827324,1.066622879260101,class_1
6.6188244717028155,0.7175848879540647,4.791440029598546,0.8751899274695423,0.3327289546595831,class_1
7.2475919505668305,3.224145943435786,2.9636064352856115,-1.1552574239077973,1.7874370666359833,class_1
6.453632933615177,2.466245073492855,3.4451597652598784,1.7650318425783973,1.922498378019961,class_1
6.015709808549728,2.306304485634435,3.7746503971880836,2.5461165594995636,1.7093627110342258,class_1
5.618848413307727,5.112350948866725,4.42019094445177,-0.7603147634735297,2.890603156713566,class_1
5.555081281884343,1.8449898441064625,3.3178360424131395,-0.5667118558493924,1.2037333862196633,class_1
5.8651403918588745,3.1604152639144742,3.0560809060895218,0.725049542548073,2.031974520304964,class_1
7.633183493532835,2.1248229210534504,4.321363044535629,0.555430280856945,1.3201092146490516,class_1
6.499489478440167,2.045861051786477,3.99141340226609,0.43366133417900204,-0.02650300147461837,class_1
6.399958249034221,3.3608893630144423,3.2955945662347674,2.232834049997203,1.4895565192530773,class_1
5.959671136620357,-0.8506295571214206,2.69213828410708,0.2517222556847094,1.7940548337708466,class_1
6.531108698224285,1.9215444855538586,4.89565868141489,-1.602489216310691,1.6666432877320885,class_1
6.840334397059221,2.493361599279688,3.5598704089315256,-0.328840742318643,1.5879302163397215,class_1
6.781992760615428,5.101763226430603,4.13604502459425,-0.9697621624197805,1.5759483834951125,class_1
6.645522218165265,2.825905652542526,1.855562624426453,0.7746719937378749,2.1994961884085935,class_1
7.41632666616995,3.2272018280328307,2.279843227460397,1.0226477296674763,1.0668448296328321,class_1
6.084942519513447,0.6656155345939716,4.562293037428212,-1.0062642355081146,1.5827537767289213,class_1
6.831500592276129,-0.2867641279880968,1.7117923938845272,1.1742812268602738,1.1466351939421973,class_1
7.109568256904343,-0.24037171678165192,5.53291183026929,0.31312350753739865,1.0322230087295443,class_1
7.288367528651358,3.0670795009413867,5.436606678645971,0.744798000545437,0.9974217975990248,class_1
6.715521817490736,4.308502662476093,0.8290770682352542,1.2729070316678444,0.6483151263642146,class_1
7.646001887446527,2.00189425198712,1.306517926701174,1.259107193229963,0.5979745049650558,class_1
6.567561139049826,2.0886390791418923,4.403145812420668,-0.3025539709820433,0.9364030630035125,class_1
6.192978416560535,3.0522135535034396,2.055176630860984,2.283420709365501,1.1847203898973269,class_1
6.8437245294404345,3.4604765376159845,5.232438450049478,1.6552468885953737,1.4998644724600056,class_1
6.509474390990288,1.157978823042707,4.449616402095647,0.9454491939881977,0.653422775778998,class_1
5.611144210970502,0.7552798386405133,4.374232103513483,0.0707453271355053,3.1071131485514965,class_1
5.705014574291035,3.115568575294817,3.0285018238057964,-0.1940231709152649,3.0450507143198347,class_1
6.9793752941335825,1.0025090391804015,3.6291057435623713,0.6774007200684766,0.5455341881875582,class_1
6.4214093146860405,3.275197076999987,0.5531334094300946,0.592764220829088,1.4645843765961768,class_1
6.107849776810871,0.615971658120239,4.558819536862077,1.5478986371932075,3.338701876283258,class_1
7.226351828993559,4.504813610554607,5.932773196819093,1.999379336136429,0.4064540826340073,class_1
6.448515657381165,3.4183258472436666,2.1812355031222608,-0.265543114145514,1.529612681428708,class_1
7.419872235741734,1.0770244540841964,4.675632473093862,0.870881946428772,1.7771005556389863,class_1
5.112767965897378,3.7905863725116253,4.44512209565504,0.319414720624529,1.3027229525096922,class_1
6.634636466693494,1.7493877198808998,3.6374778227647373,2.038094184656676,0.9073902867445085,class_1
5.922654176398147,2.835908060688072,5.0741548203189515,0.9456234452926983,1.174747050446264,class_1
8.034130926343016,1.8611171108803495,5.274556883825384,-1.2869508804854397,1.1209215888073925,class_1
7.355797790504013,3.0204040159303993,3.6689166594182003,0.8919830631991025,0.18888367061180555,class_1
7.922782229285985,1.4302623948388127,3.369277456362616,2.0038065616473038,1.2043869946176529,class_1
7.2867567217776585,1.0591569837341377,1.5957106631995372,0.26934107037192845,0.49535939346000246,class_1
8.735207985507369,3.4320675625428834,1.6909916893414738,1.3733991058162505,1.1574474808158306,class_1
6.959133948888587,2.3742401101186665,5.32034368575551,-0.4837243697382667,2.8142235515949334,class_1
6.356066093119913,0.9624512782816523,4.037029116432223,1.1972671123381378,1.60513244378817,class_1
7.037255317821891,5.130835348024301,2.780655816029695,1.7338461343648452,1.1794310543491981,class_1
6.799307562273486,1.5418282285692466,2.4588320812780795,-0.45756572179781796,1.6010747986795197,class_1
6.588544989268585,3.6698725504411973,2.2806134795424473,0.6680047298339453,1.3158882501545195,class_1
5.719514798705395,3.724625457133423,2.20362823829514,-0.8402857558132346,1.0865860168778458,class_1
6.524236411974037,5.553544547116859,1.8250543102829004,1.7275711621416323,0.41291491180395123,class_1
7.04204860800054,4.00507905250461,2.2034865942328765,0.5357181895807684,1.007514163338994,class_1
5.472899511950569,5.627676789881043,2.2485582334780796,1.0417696140727917,2.2160985406158384,class_1
7.963242360408245,0.9165232333993203,2.418074338821149,2.030015979365655,1.5044280392576743,class_1
6.072665812893171,-0.5270602599500749,2.9177112041974973,1.5138153321331735,2.9209035291013192,class_1
6.975482113699982,3.8606253305755738,4.2480963017141775,1.4797064660897816,1.536277641483924,class_1
6.623304631065801,4.39301450476026,5.16820285872334,0.5180900126206649,2.2563243517644374,class_1
3.4246870575830797,5.610372729496576,7.805879458476249,7.317228980068876,6.056202846939438,class_2
4.1869768051956635,8.738962926555196,5.972712181822035,7.303497113860113,3.818561688122627,class_2
3.802782603397617,8.06593619844299,8.49521640303934,6.923848847749797,2.4836784505099256,class_2
5.221046811661505,7.455617098176511,10.482273144561727,7.101786330235035,8.175977051562354,class_2
3.381728105949811,6.0265184117602315,6.591835113660601,7.76089740882367,3.6275172396592614,class_2
3.2656416973783644,9.606616946078077,7.671218353799876,6.995927712591716,4.198948081951283,class_2
2.0017327095235053,9.096015562988812,9.844974172935446,6.919467684249453,5.601068143425939,class_2
4.4950419350276105,6.57971333951258,6.912326841390579,6.780173929998694,3.6812590680050405,class_2
3.883359411642255,9.676130191967554,9.189544769032482,7.2122588279936535,6.319132946918579,class_2
5.198338374506626,8.317505137341609,7.7997337453251765,7.236346567198254,4.531461440152016,class_2
4.162579992537512,7.611281168586018,8.461486732262797,6.62550776570192,6.600469927888023,class_2
3.4782824619940604,6.478319544562442,6.968775752034864,5.928506101915192,3.5216199783999276,class_2
3.655641865804152,9.693388683878588,9.565234790827425,6.920429961082257,7.291651720137938,class_2
3.513082587268348,6.53074961423798,8.433229288879797,6.7495353558652615,8.356492997238572,class_2
4.331207752862383,7.11938225653996,7.160452410188622,6.193828869588397,3.382054227637213,class_2
2.2444448281524974,8.056386782053504,6.930007435577044,6.409589205166265,5.803364100981922,class_2
4.110389865909712,8.698446609903975,9.130879815774794,6.947599161623572,-0.8142121186270668,class_2
4.530301284367939,7.622649475149083,7.790097184344333,7.581236999351262,5.3068836574345175,class_2
4.744240679636519,7.676291750438947,6.876198812839883,7.095183829608747,3.438762086543259,class_2
4.176740385579813,8.658283167325338,9.708519246529056,6.631380428234523,7.499625402202485,class_2
2.9299593808259123,8.4261946542696,7.540274899931,6.781735835969698,5.246827673763306,class_2
2.8341622266945694,8.104006539566058,7.203649489993565,6.690285420981508,5.223162133278249,class_2
4.298702762585572,6.209461207694321,8.391053366631109,7.246790811945653,5.3857845824564174,class_2
1.3998473580406738,8.226783796404776,9.168274810960158,6.5545678298832435,7.004888761928773,class_2
1.6117584572792765,10.208029745939246,5.756722551288134,7.5019508646504525,7.228358187966794,class_2
2.8492435095056496,9.367923291453035,6.747514186997888,6.95383267628194,3.9232192630806644,class_2
2.6707419560136674,9.479291417645241,8.87555371775679,6.369991732202528,5.662750934886662,class_2
3.379981163474666,8.992944294624895,7.80498940672635,7.251929215913647,4.927713405792879,class_2
3.6553393682132658,6.245156756258844,8.968551983308398,6.948886922984252,7.143968721115554,class_2
3.791543343761886,8.412446505252255,8.968911328392437,6.326829218316072,4.807408159540088,class_2
4.301898850751585,7.7790887562036275,7.384683333986418,7.264374521602569,5.20268757204769,class_2
4.627495924226923,7.975553201663734,7.0265261248923245,6.526221022187281,4.7997821700209675,class_2
4.902756853139922,6.632673325279932,7.729165962860407,7.310698141371429,5.658344870132155,class_2
3.7732966969150987,7.023026771703363,6.8872582526164745,6.809838482176997,6.978121980642125,class_2
2.1496440174472635,7.119315055664506,9.339140460314052,6.821543714304561,5.386469630686512,class_2
3.195566520107547,8.107983723954638,6.884295091493755,7.699310900726959,8.9569297432703,class_2
3.3031005605059396,8.165612914381605,7.676081027840144,6.836507527193113,3.1115490616210626,class_2
1.5541291775715058,8.730238905794483,8.693815498312528,6.587231156019185,1.0149269606006106,class_2
4.034088684115194,7.878841388388378,6.544865798801048,6.98181839046714,4.8989763012568535,class_2
4.017231106746879,7.798038122162343,7.150096378839774,5.8463398217878435,2.3438794600522357,class_2
4.168391887320182,8.35817339524151,9.206991793415778,7.343005614855838,5.243064689097271,class_2
2.3527301058951404,7.903733851439143,9.375012311335343,5.8828308469902835,6.874395071871859,class_2
3.524766576087554,8.299840335470833,8.868925301809119,6.351826169592995,4.171286144464496,class_2
2.189282887972255,6.986203579510194,8.314797651903387,6.782506466155184,7.438330543422952,class_2
2.244400763218394,8.46925408050895,7.207735418269355,5.738312597544324,5.224091851498841,class_2
5.639322784806135,8.718255115444302,7.449290816976456,6.370179368376211,4.253688209252523,class_2
3.1801878149502936,8.66192742054428,9.235306135720712,5.917823191777316,8.970376095524347,class_2
4.889688845499848,8.122614200340477,8.443421531337139,6.283593169198033,6.597316158803354,class_2
4.388350067338843,8.2073334223673,9.79519907889711,6.1017676363226885,3.0114109929825457,class_2
4.694486628061526,8.760075554135785,4.924006476247211,7.711889675993087,6.72429965435399,class_2
4.311212174385457,10.739929617089889,7.042932793087093,6.664975206236566,3.1005560160488193,class_2
4.382533875826934,8.720424173526318,7.980292351945281,6.866595107068812,4.084306856016312,class_2
4.034387896075125,8.118309090715314,7.3264671532524765,6.79544224537826,3.9998047410278734,class_2
4.074309186167535,9.945041982371823,7.379117782719281,6.775049469070086,2.208017990781239,class_2
5.572449981005367,7.832148749786601,7.207187015930277,6.035627439163817,3.790899709726809,class_2
2.612528699150445,9.026736106268476,7.321194056216978,6.723653554150355,6.088888296123746,class_2
3.0071366940527815,6.941248253521463,7.289842155057987,6.865363152968267,6.946659118309929,class_2
3.625660498698601,8.747927407460685,10.009443448197542,7.81085215989099,6.800020836687473,class_2
3.7150268180173915,7.447020817532433,7.712731540739017,7.127943246906119,4.680325576052839,class_2
2.487288437559114,8.847498373230623,6.73598717378509,7.444065026391411,5.850318339680142,class_2
1.3486724626905562,8.457615116554958,7.350932706458066,6.384371130697181,4.496731430888485,class_2
3.3006686735582824,8.308750541996679,6.09722651285197,7.094165341419237,7.651845008644514,class_2
1.515514105796972,9.346132048690999,10.116221316029419,6.587648058971676,3.1783126689832977,class_2
5.35253244627121,8.861291709399705,7.23341031808018,7.177308712710748,9.500879484563459,class_2
4.964299132855572,8.778236331924854,6.608498219799634,6.432209696266464,5.397366501019058,class_2
5.41838838981888,10.106657222109018,7.213965459489818,6.3455826078113455,6.133036156726167,class_2
1.5502841795748166,10.053213571934034,7.0797702012221375,7.340884353180377,2.665037057911869,class_2
4.637231544293564,8.594598757650113,7.5924373419854065,6.507318462251102,2.9069917585437697,class_2
2.253947196826049,8.117342125260931,8.446045215469894,6.989180419309704,4.782477150454503,class_2
3.24463147727658,6.32408613236686,9.080121907682317,6.3150207806091485,6.822601449830673,class_2
2.109926890949334,10.488409986625378,5.777938997726746,6.692328827413968,4.81462339075925,class_2
6.339770809118021,8.904098465235014,6.5127003821894185,7.392342830969062,4.97264441513493,class_2
2.28835789278524,9.338904919122465,7.016758146481275,6.988607611546239,3.4514682792243727,class_2
4.2195953114122435,7.115311998422415,7.561126957051137,6.628280430731928,5.943077881681643,class_2
5.448736858204088,9.5587774268606,7.065057817363982,6.990466413672244,6.228400409243468,class_2
2.7996046931948633,6.991626313689579,7.340884743402809,8.238954554305455,7.602088220521029,class_2
4.294364439120264,9.078946758593323,7.280979459117927,7.269704337163448,3.380552299077192,class_2
3.470863137323567,8.498714321053372,6.601592434948725,6.619567563603871,5.955600525568339,class_2
4.578796186969848,9.172791949232938,7.962921906507255,8.227216637784082,5.980778207343777,class_2
2.319706301032433,9.346281200154753,7.984340383541754,7.347309030198975,7.365728404517304,class_2
2.343213024052419,8.30234375691193,7.543427552332831,6.423285622249516,6.848559014222545,class_2
3.3813934367021115,9.222141959416364,8.115929028940814,6.554907914829162,6.715670000063756,class_2
4.707177064802261,6.7087391444016635,7.807802597765543,6.691850249207617,4.569292654759215,class_2
4.29816443966691,8.158499472006516,6.9861529714180906,6.1015169887963685,6.809125830252963,class_2
1.829526807321341,8.412419700837503,7.543972034487259,6.8201400469389455,6.386553378774904,class_2
3.6107966646669927,8.275039408736845,7.095200853667416,6.239769351040123,7.373662738358416,class_2
2.869836425593742,7.926665483410224,7.686758483301516,7.624882898512747,5.30063262402401,class_2
4.584874342980244,7.475965282041635,7.1191337996896875,7.477383723259357,6.197892448038075,class_2
4.768502079518056,9.859386183800716,8.321128613813237,7.222830891076029,4.699571747049009,class_2
5.529585636820835,7.940828267054142,8.542202725933588,7.948568888096241,7.817406703268565,class_2
4.211003296481126,8.634023894188182,6.108344806261574,6.098358806483496,5.503772129461934,class_2
2.8662777402901867,8.305368999491474,8.723608502181856,7.366861165871407,5.441637458798414,class_2
2.005737080723072,8.011016421513695,7.938815175378321,7.294255083599148,7.245635362517895,class_2
2.8136086543597023,9.163538460923352,8.696265701606178,6.7643324535379215,5.481433454827531,class_2
3.3742478494650503,10.130001819863061,7.547516384862582,6.540277083827929,3.811061454222366,class_2
3.222133599128287,9.88857224740313,6.484539668669031,7.38984248720037,6.289214302444141,class_2
4.023706204323902,9.682433200874321,6.554582181851181,7.471112961343239,5.694690126123712,class_2
3.0694225260300065,9.514936801813999,8.243064386192216,6.871886886116338,3.6924292637161544,class_2
2.3454100210076163,9.850753713431436,7.740203221233572,6.713856602618776,6.904037387096734,class_2
5.656120566950138,5.529539510876742,7.385687010509464,6.521947481968641,8.396352493596448,class_2
3.6571121523352104,9.294073722785354,8.795277386740212,6.745339771948012,5.180292571584654,class_2
4.596788481268859,8.9972502613482,8.441282560764634,6.563202653025723,6.54951936474273,class_2
2.254542782942274,9.164218548668103,6.782326888654083,7.3098448742354325,7.870007171021756,class_2
2.552687923075248,9.625149528230782,6.391124396118419,6.889881137020042,6.152489935021247,class_2
3.4949895604231753,10.024881148828381,7.04947159308925,5.737440747425555,7.949402674846647,class_2
3.431980924663255,6.729906904841636,7.82266982916052,7.512656305019993,4.05020296799488,class_2
3.2036639304593812,7.953157883785668,6.7003664336603075,7.21455768789122,9.545981831437722,class_2
1.7577732158357076,9.211690072293191,6.845281097596119,7.562223310047259,2.7697055630948815,class_2
2.453385328174127,11.230792836647677,6.662082847362649,6.880788251338465,3.700209155146517,class_2
2.83948788604902,7.8728256794032045,7.299730177735479,7.580946534366779,5.137897228528047,class_2
2.227322316075596,9.671538359698577,8.994107666852285,6.581828794829485,6.092896073150651,class_2
1.7676159996864458,8.953689545410127,6.936004715804668,6.400266150393424,5.832101935622612,class_2
3.137466630686064,6.586392049875045,4.454078407962463,6.507995034673561,7.711187068497424,class_2
4.684013790378105,9.588394546318575,8.09342341582358,7.236752510581915,6.32796769667673,class_2
2.4655563851931825,7.981857825114651,7.452525593464242,6.468645855350475,3.754208391168476,class_2
3.193719024872779,8.072744822875011,8.56765035830862,6.247532901218347,6.598404173819403,class_2
4.042776424033956,7.716441508545454,6.546571036424587,6.905290815077644,6.175517905431875,class_2
4.150706957811626,10.417400570019193,6.8849244227056285,6.533534191237299,5.728336451758949,class_2
4.095044034998674,8.932946294912806,7.25769603723081,6.662580888822342,5.1598047829097595,class_2
3.4621215094214954,9.186675135125046,8.03183612478166,5.582460871171662,5.47017744596209,class_2
4.782209736030951,9.108475523965657,7.957795096204922,7.882696171236091,7.399480814978116,class_2
4.132818556045297,9.691180616134004,8.663874856411764,6.7118212431917215,5.43996084469807,class_2
2.4398875094070154,10.63046667158113,8.148401028369072,7.073784596163114,5.342204648129858,class_2
2.4545541918267375,8.025975937778629,5.982568899883655,5.811082726355258,6.997066326157755,class_2
3.8537614883959708,7.360059166914451,7.9700880445727,6.835388473630151,7.967044251148566,class_2
3.0223090242354687,7.329129700654764,7.61156782704353,7.6895366000875836,4.843915819629724,class_2
3.899228458733195,7.655405589792391,7.099465338719881,7.67780219927922,3.660362818868421,class_2
5.117776195147583,7.910588616636778,7.872172928831956,6.901465810601801,5.980016711622584,class_2
4.372354547508762,7.1907469869262925,7.652191250977265,7.5856620321831985,8.518641648952254,class_2
3.5331367571952277,8.472261990537516,6.392738671513891,7.043517229109601,6.184278254689993,class_2
2.5261825407007983,7.495990464431442,9.54243635943203,6.949307231723225,8.140357452117167,class_2
4.301142275421185,8.319361871025773,5.161999470004185,6.712756208306636,5.652260097454041,class_2
3.5000966496734534,9.32713394278388,9.673437525177318,7.651039439338193,7.72056605127338,class_2
3.284282960199165,6.832817635250851,9.007746674633086,6.47265598303508,2.601110372243603,class_2
2.696451418053277,7.501530152678359,7.048664588039594,6.202868760532429,7.0899709266872115,class_2
3.299287673281184,9.220943285561745,6.6452973489478815,5.734423841170236,6.317004875317009,class_2
4.489551103523944,7.251570727320567,6.611947115798873,7.17948719453792,5.9510549603761635,class_2
0.701787468016597,7.316330449455906,7.730672093284547,6.797291188574811,3.627878400399779,class_2
3.1460979757534178,9.58917510876309,9.246889979531918,6.97091326248949,1.5666032640253587,class_2
4.045975609110371,9.848056573584403,6.077350016456894,7.53968301548103,6.106198027653425,class_2
3.9459630885566934,8.414689688056951,6.715063017361289,6.748642997413621,5.270955833866998,class_2
3.102590018024929,7.982753989773486,7.497726100726815,6.03714241962745,4.325162479677212,class_2
4.327192811380089,9.50078158235538,8.357842855826622,6.134969884371425,4.307822540978406,class_2
3.6001730836986665,7.421864778289161,6.604204045330242,6.634313880710521,5.609352740028836,class_2
3.942218976292347,6.309295246218808,10.24079110430815,6.372521251583186,6.791530640432213,class_2
3.8857630604192073,8.288311836718627,7.939420166670884,6.621049171718001,2.91125576753392,class_2
2.6663832844109496,8.534224032424289,7.687305796211847,7.000602806892377,6.123902669291302,class_2
4.343859475462157,7.432672559050935,8.757585482657625,5.786538939038884,3.365226749825242,class_2
3.552706462861178,7.9314049793106545,8.079299200672201,7.497995731689433,8.278584576421022,class_2
2.551185708003003,8.13833196582475,6.702304989679572,8.02944080564671,7.508247311121512,class_2
3.377366011646188,9.223567199255365,6.735794979116107,6.7519094332329335,3.1138159151510028,class_2
2.6858911377331385,8.636667888709633,7.738306643201144,7.04472056775187,7.202760355617214,class_2
6.275922867610472,7.727582372687762,8.449756947534656,7.155524337023465,4.173313218446295,class_2
4.75517172613623,9.657334113420324,8.658257466159004,7.34219629364274,4.645812094548343,class_2
4.719107194389991,9.859932513819087,8.235228027999312,7.089723772193397,3.837949648530191,class_2
4.54493818342078,9.094662012813474,8.502415618867056,7.189445052614236,4.0911750565756115,class_2
3.2227921215993858,7.238331673407678,8.31834403943033,7.491432250032966,6.473707824216978,class_2
1.095524225435439,8.43573145681553,7.108254908631504,6.8209485600699535,4.734139491052554,class_2
3.1927274944441444,7.06500181412657,10.036777995705805,7.5078519819483995,4.853873535231906,class_2
4.471050589143572,6.1577721502915175,6.830188152635508,7.04977785974727,4.087463075310529,class_2
4.718883749137646,7.350560139444245,8.366331037583409,6.9924127697890865,4.315894501787601,class_2
4.1379373879719,8.322498565808765,7.359240032539777,6.8977849565175555,4.494056752558926,class_2
3.99793130870654,8.800587782136375,8.931673888566147,6.484197453170461,3.734304529575197,class_2
2.8365174860784084,10.20036685823647,5.506486218341755,6.5875539412065365,0.47907822069738515,class_2
2.621005333662821,6.708972030382242,9.341784873438588,6.571212058122126,7.599892325387804,class_2
2.808389595471768,7.9962592525564435,6.904500042460844,7.408067746548552,2.193377015895077,class_2
4.9897037121598595,7.703465251723484,7.400479823776596,6.806874623812059,8.234988594222145,class_2
4.565388330380409,8.2394022323068,8.808397428581923,7.194267694149086,7.168938515795114,class_2
4.8847161602468665,10.906034613731599,6.087200074948163,6.7392363427802255,3.757743169402456,class_2
3.7716521352278765,8.986483974049005,7.550841646321439,6.385928388906404,6.263350098205766,class_2
3.0349010554404425,8.704279639008012,8.0953859426693,6.857235386765137,5.945750555696799,class_2
3.6898509726593414,10.225777529442329,6.935249775121266,7.159339525299917,6.4056001094910915,class_2
4.232404014343689,10.519864671855657,7.73932262327449,7.478753744211134,5.261748775132995,class_2
3.9857893531519415,8.142491040085021,8.399892146241713,6.860962194851367,4.270221476238555,class_2
3.0827680849113746,7.751917122178797,10.11995003063988,6.509155465365691,7.639389740786992,class_2
3.0406868755515246,8.586699278872494,9.288216024656853,7.490223170535336,6.916618017754847,class_2
4.272435907806462,7.450826783806432,8.237965928624796,6.410848212819922,3.9216878743121955,class_2
2.6652592926879324,9.680099890199173,8.149009357926271,6.370381201110395,7.853703249429888,class_2
2.31894198099675,8.392682633552717,8.09338351972354,6.523498891143593,7.9481678023454965,class_2
4.367740972426547,8.054551353297484,7.608583305772532,6.406083280324953,10.500566098888873,class_2
2.3184938250996825,9.99169214326602,7.434458214391537,7.544271470858736,5.974036042133812,class_2
2.898826806685523,8.787948386784223,9.17745574197524,5.767673196721301,5.3786792977821785,class_2
0.4175516743401868,9.19964770878427,8.503681518005417,7.056623345434943,6.311524863173785,class_2
3.9852207879387946,7.7889614824267035,7.218981719744812,6.498237648627137,4.270078642895235,class_2
4.343774578491081,7.757124602691046,8.120917777739846,6.638184386607977,5.542832753049396,class_2
2.355289391237801,9.305868895373694,7.067294333626321,6.755920184033511,10.250130838588051,class_2
6.065419984535229,8.248935656541121,8.07673420904593,7.1612598663196785,2.025670962302037,class_2
2.141946261705842,10.615718856410115,7.505257226559572,6.887549741318575,10.214297195324395,class_2
4.149031090444211,8.752192213985639,7.61740460130382,7.798930997360728,4.9950865065001135,class_2
4.1397561182536435,10.530809686307418,5.559666119365297,7.157944696283883,5.208345159427845,class_2
3.532431815516018,8.684370601586282,7.491491631460928,7.540118540349772,1.8621945664730122,class_2
3.8101253503163157,7.7285992982497165,7.820290752239784,6.032526518030858,4.982898675241569,class_2
3.888804787955345,8.42913434292745,7.064917844665992,7.688100717041001,4.397444880811627,class_2
3.8891836391581345,6.36022796064584,8.617636953702062,6.708343426729127,4.605231939013395,class_2
2.2450719884510772,10.496891139025719,8.18580731625506,7.137478129634283,6.00053497603788,class_2
4.038918225354299,8.327492900433402,8.650596497205024,6.821595710925729,5.193871621695218,class_2
3.0855024685347967,9.379236103518206,10.01021948661836,6.478352391085203,5.039187130421734,class_2
3.8533425496975857,8.064423245637819,6.289057850844193,7.261787287878476,3.552400795553979,class_2
4.561701989558115,9.5594589309441,7.78039758150136,7.492915062971033,5.6666458547586585,class_2
3.555993983005608,6.954233099011992,7.88829444925206,7.159041745767272,-0.425526048350263,class_2
5.222617518202287,9.52401410304905,7.2532797854095215,6.274094516690216,6.6226524413813,class_2
3.7649704283213885,8.247291430502935,8.157022756548303,6.792773303347607,2.6173152198801737,class_2
4.1576158770078,8.076629276063452,7.423847622487358,6.789740858248805,5.648972693030203,class_2
4.025943774865734,6.802891367346712,6.8543709769335734,6.387177350781259,4.940651800391829,class_2
3.5967199956100213,8.784068565454898,5.81340905149168,6.6828235531114935,6.319360350438731,class_2
4.6766028380365166,6.532015770421994,7.699815139098712,7.0992176074577475,1.9027262962262435,class_2
2.620558029680323,8.261345891842913,8.801412218824654,7.278283026775656,4.873763809460094,class_2
3.8585036168848803,8.726355380045085,6.613729870180451,6.942959959385926,3.4307820872104133,class_2
4.512945473518426,8.357753044638946,5.521927184242605,7.026556367490664,7.739221841569957,class_2
3.514210486004399,7.621660235814537,6.931776021695405,7.16344884638762,4.11776500931463,class_2
5.244399907178007,8.446140283248349,7.5711830149626245,7.316565209965052,5.401101851385365,class_2
3.4070395444979202,6.981004532507272,9.764677982827058,7.037637207868927,7.177598910833408,class_2
4.2950631827009955,9.647620956289312,7.960819555983362,7.02284697148089,4.8391372682729425,class_2
3.0304111697496725,9.434750574137484,5.4025685738463665,6.568634954335262,4.722772203312356,class_2
3.4296196399698995,6.153750540565557,8.126334525656578,6.525377170126043,3.796427725075085,class_2
3.6106415289985296,8.903111802065386,7.106598075848495,7.128274066757353,5.753959869283163,class_2
3.070109643225418,9.269899899050726,8.646325972630919,7.372344585609735,7.499467036646171,class_2
2.4863464511642848,8.631059328812864,7.654920615032575,7.3843844755775585,12.331605713501208,class_2
2.060397251859212,7.774636379219043,8.60653416244852,7.183760872556501,7.667767248727026,class_2
5.274466939258389,9.427091301527641,7.17118180424904,6.960715019728282,7.529720913611889,class_2
2.807701566461029,8.846014964826827,5.300276668428603,7.185864184046438,4.059172315723309,class_2
3.845631083501512,7.85405183956971,7.361913210637434,7.287517973444855,6.982265716682925,class_2
3.1338241594802843,7.9857565655044,8.183464181003785,7.193503526171078,11.078748509355885,class_2
2.442690090278244,7.904125269349787,7.592463230122129,5.99489390242711,3.8035205888961228,class_2
3.9117800253712893,9.141103842367354,7.757466796299865,7.572993741118986,2.0797743094447045,class_2
5.6622821349190176,7.375473167831512,7.731837355529558,5.938454550108604,4.643503794270808,class_2
3.2360679107887647,7.398917717186402,10.487979747567177,6.56469599045853,4.179231991739074,class_2
2.4343957427232077,7.157828863429636,7.362856095700214,6.723373024512558,4.66639654236373,class_2
3.8645081249357767,6.806353113937311,7.500433262459806,6.838868610433407,5.128639874788147,class_2
4.252041506017968,7.214934582496254,7.2099873869171,7.234975535245436,2.7309708386390126,class_2
1.8949210646449597,8.05665225889529,7.6525952013566165,6.705456541363881,5.04367071205982,class_2
4.01950364628033,7.606953438991087,8.08541070199038,6.544711854980538,2.3727599625165547,class_2
1.9593801233072003,9.508428654653477,8.084393587959065,7.671898253408429,5.444831404439365,class_2
4.849290693058839,9.061570042639776,6.489007111265978,7.125253307358958,3.3508221938977405,class_2
3.6343186213051655,7.334690379658285,5.86502483312989,6.405766814176799,7.6625812740779935,class_2
1.6750808809746722,10.786177243540436,9.143804357845715,6.6865209240821875,5.082181118939571,class_2
3.64588394409401,11.351210360832821,9.918777394074139,7.310247210657611,5.991044112868344,class_2
3.377785832578605,10.18274118418659,8.704172806238198,7.34746432696604,3.634598400366645,class_2
3.066435617351128,7.114175023883473,8.603855721525983,7.6249673085729395,8.418433443265796,class_2
2.6323351207590466,8.74642706022054,5.840806618266393,6.911121238750968,3.8203009974549493,class_2
2.5641726673324317,10.028765863350698,6.493259922041019,6.8200001406700546,6.326462282255907,class_2
2.7412392181445933,7.517706520749875,9.042594505679187,6.817300595463057,3.962231275215227,class_2
2.578468816716564,8.336211317730866,9.09735635085826,7.177220872056761,6.7777401450402905,class_2
3.818688761702106,7.864468282004843,8.355201468285577,6.945083309955177,5.493332420710672,class_2
4.528941279436513,9.118383445591181,7.990993929913859,6.499164916982816,7.234418069106727,class_2
4.197324213716319,9.914220832089367,7.7534065448988745,7.005525051266851,5.431092976449147,class_2
3.4963359881960474,10.69928743278174,7.011601660278669,7.540280185086115,0.5682737608196575,class_2
3.2486205327109965,8.297345799491445,7.262510105234244,5.897858771102525,8.074530199163279,class_2
5.34610206411486,9.89516434831065,8.800104011174483,6.909442988524548,2.602081814810215,class_2
2.843042664745995,8.49780335464045,7.3181876154566625,7.490954323968377,3.2808510289118478,class_2
0.8708070918184281,8.057671956474376,6.35174597823308,5.460696935825043,10.167994236031074,class_2
0.6414614742310465,9.220422989248762,7.637335149368459,6.512483189254218,4.523011440722548,class_2
1.268332424192267,9.32571373369463,8.705448471713046,6.200910747134344,6.382110631579149,class_2
4.546267046633801,7.780224190573777,6.456713999960903,7.3100633991986825,5.159096636628537,class_2
3.4510554470814614,11.401801129816226,5.215103732401679,7.43944951530524,6.77713287687267,class_2
2.966825623212433,10.30163439881976,4.998498805497004,7.423066028206229,6.669825226093868,class_2
1.6740578524088294,6.507775088574936,8.987214827016203,5.633924650500704,6.667469393486706,class_2
4.236674092506863,9.546106703700401,5.8241150117705445,7.497055238963459,5.862679627129391,class_2
1.9442243705608346,8.368688744247436,7.638210805139414,5.840469212884626,4.415221785101674,class_2
3.58892409460597,8.17306459296509,7.877750302501271,6.658917644093231,6.866625943963161,class_2
3.499097881722574,9.647586849700128,9.928782958964717,6.977368832579883,5.660635091810979,class_2
2.8890481046250813,9.579251430886643,8.13474253179258,6.745721464633737,7.11006773691437,class_2
1.2072518897109754,9.994153826338238,9.500194818061477,7.7824101077773795,6.338112291897226,class_2
5.447059996121125,9.070888155374126,7.061124185538922,7.788760496017656,7.49349893883838,class_2
3.3817373206295493,8.416529397912367,8.55138488815567,6.644327936000297,1.1794486188231312,class_2
3.5362350960536717,9.22374056834182,6.820799785946098,7.738690392498006,2.900597699998806,class_2
2.2458257803387696,8.174538363589097,8.314094356140583,7.96007280789814,6.502486005854263,class_2
3.170361123985152,6.525786958583617,7.709928830349814,6.8175474613261455,5.710000531729998,class_2
1.5509243583828174,9.697137965520861,8.028813413914412,7.520951940491612,4.647092613690594,class_2
3.8545989500525666,9.997393744315348,8.024663143887356,7.60516440384257,6.733804626638219,class_2
4.329442527385634,8.451721689160154,6.7182542500079725,6.931669825164571,8.36333468341017,class_2
4.1546010221915495,12.792877281181767,7.101519300343416,7.164096034221142,6.574622487398713,class_2
7.751139069075807,6.4279098288211225,6.92845504420354,6.5352091278320135,5.831439320412039,class_2
2.331972803672082,7.334515143884685,10.044209997363122,7.060001119545901,4.452421543450172,class_2
4.682906178416626,9.305435818430055,7.492444630779587,6.696672202646354,3.7227256708060024,class_2
3.5254745386595676,9.025688447339864,7.363896705552088,5.969273068562006,6.0176842105894535,class_2
5.69729840900931,8.369964264857956,8.673035521994427,7.030752086445962,1.4717912321509843,class_2
1.7075459645540412,8.228787639826383,8.934112830955188,6.778660488238954,4.016234022686136,class_2
4.383570918426297,8.921664101058896,8.876607805560084,7.10152177324305,7.916289031596314,class_2
4.203000746162671,8.828281062400526,9.154059176875972,6.590377448816462,4.025954988090969,class_2
2.8965407740786726,8.796095168035237,7.487237077923406,6.449079583267847,4.482466273489552,class_2
3.109876271700385,8.442715752437593,6.935704970240754,6.389749413011165,2.472440581356134,class_2
4.080391120599103,9.248019794040042,8.040078792711238,6.247646792462246,4.771696469585922,class_2
3.5197565206397425,9.096560512648296,8.044486270460697,7.736615468462286,5.225975474544181,class_2
3.2898437956119726,8.545292191226933,8.189822718861583,6.302518942502251,6.461727671504768,class_2
4.160181958875841,8.326674412769224,7.781706057542639,6.7871754655600585,7.215923946705712,class_2
3.587662243991005,10.9739672506041,6.789312610454248,6.991120276969711,4.75642820315466,class_2
3.851191259878052,10.379374156548128,8.732768686834977,6.604913313735701,5.2084919069078195,class_2
3.3878867803791293,8.07369522437402,8.352498726731978,7.279600148233687,6.442982862164085,class_2
3.8437134057857993,9.79286758822851,8.842537051464763,6.8459238092264405,5.400634621684235,class_2
2.568839220068378,6.9073818091978225,7.2666486777040875,6.87330267433625,5.193157763341979,class_2
3.5265631053246804,9.66138176504821,8.34767635013584,7.525250626621113,2.3633657498042733,class_2
2.5418772101316813,6.968911711272545,6.891302519043201,6.734784140085694,5.155641394323263,class_2
2.4469401746097335,8.245495439926374,7.337569236740753,6.150777970214445,7.0027387271812,class_2
3.680683190087394,7.6520148132239445,5.803216699964582,7.82537602864589,4.442554283940718,class_2
1.7788042523224061,9.331002212706727,8.166256725316163,7.1313843595592425,5.278765958184503,class_2
1.4922549679738215,6.648696350460193,7.993628514744657,7.052786789419346,6.486628919266925,class_2
3.739287921849874,10.7861859425592,7.069677500631812,7.0116311159550255,3.0604458440741507,class_2
2.158718047466531,8.25926812889151,8.49713943327326,6.518397458188271,5.139383715222934,class_2
3.805638265176821,10.734227696944924,6.281959919134698,7.306483154800473,5.351986937046381,class_2
