V1,V2,V3,V4,V5,V6
169.45570949053058,273.46524815488135,335.1299353259145,165.4230429251795,187.90959533650863,-1198.606977726061
175.0320936307064,266.0076217720248,374.6341906802912,155.96523243205453,136.83354107343163,-1220.4124581771416
236.52825023202374,243.95559086693927,252.73185135195362,181.91604212944512,162.48733348422775,-985.3902946537497
219.72027931433942,261.56465431609416,386.4784179161849,150.7685513392399,131.4770637911445,-1217.438292132177
223.741662412938,243.79581951285056,260.0618535313193,137.79985041551012,188.7610988445654,-1013.8267134680184
194.06285799232475,268.38559409237894,365.7780972844774,167.2569043860943,195.7223204083723,-1222.087560811996
230.7163894794513,256.83719531769515,372.3849456835139,161.30722392324796,138.99095429283182,-1188.887819734826
239.4172484019928,250.6394753748851,406.60768736119735,104.77319982097907,175.6552112954507,-1244.3377616750627
268.40110711701817,233.65704795018328,361.06197438961294,196.0579533678563,152.68262132043844,-1097.1702067069657
228.8387844664153,293.45794340441574,405.23300902473363,167.10801631577675,187.85197358544738,-1337.3068497269976
213.84109276419704,258.79246889756985,264.5405369714191,184.5290710711317,195.95922341439757,-1050.2896659441517
218.3617658047756,238.53287172596131,331.7986432734928,181.26293197902737,181.3981285505869,-1080.3059718925906
245.5974699422037,291.89213505445906,399.2296772646505,146.6553448712143,217.48733456092384,-1346.533542794953
193.6772500564744,303.2460804145387,340.27236926200106,181.37159904480683,148.46148248199884,-1269.8758271755505
164.99953410337403,272.16917229688426,265.06139183463847,170.80877381820713,183.4348705218211,-1091.8122245900315
242.52584098512185,317.8811624745408,371.7345743645704,162.53361506770642,183.98699199517063,-1354.0180827335273
212.86885300538987,252.97916696542185,255.8050403416241,117.16577597383656,133.93703829857327,-1028.1849451916048
197.13377726299962,274.67452086716537,368.16106672007913,160.26693578952884,208.62638175802695,-1246.959369597512
195.335938335317,275.485746994422,416.660727938634,187.3175565427612,122.79782783277409,-1279.4301201284925
240.40000041662117,269.2922454449921,349.62967463842347,189.04406927403983,134.91782894936927,-1173.841101388739
227.89571480117542,288.01686790184164,365.54208734479516,171.0130593206222,220.07813648703444,-1264.8429831605815
245.0470121688149,273.5792303439479,320.16266080142515,164.69280140786785,131.92439722389346,-1164.0346894503982
221.2279561623564,264.64613170748703,293.1651131056861,130.37128365073926,164.39576298799525,-1116.7746760290042
217.66059682392688,254.18725315291582,419.79758453860944,176.67462856326944,114.02991815159704,-1226.9975311736455
214.8762221260816,249.5441346706767,342.1516429221625,154.5920483157813,168.7326457267326,-1143.49474862017
251.35349945056382,253.47653831348808,360.18271877556197,149.91572586448999,141.56608424619841,-1165.5037106974655
243.81934406190558,258.46966709197824,417.9621976973999,168.6094299303455,162.28351568182052,-1238.5349146829265
218.02073828704792,259.83700950022995,345.2459204407724,138.33889179866105,166.79522181214597,-1169.984897927015
229.12757202381727,280.6162866458189,344.8975230922974,141.85275018898696,194.86040334749381,-1238.4122031546958
232.78083050150386,265.5421580014753,350.1118662302628,148.47247372046294,145.39034213876346,-1183.4005914648214
247.48283301355053,265.6270474006406,389.0787591531144,153.3258092267751,126.26070081048935,-1223.7972884009355
237.54241845523416,270.977086653534,370.6233318585509,191.13780663288705,146.39233295519105,-1210.9535797761364
225.00032095950647,220.05932800007903,337.213585014384,174.2651811880701,164.41011437783948,-1030.7694845984995
228.86204167856815,275.7440829718735,411.6515317661697,122.53744854241437,152.83639347864417,-1310.6724970075027
222.1350725713941,277.5977882359064,380.832969818004,153.41670110491816,146.96316636795441,-1259.9994478853534
206.12604807399944,275.6459919918639,307.94368159089294,154.29510117513868,141.578974938048,-1154.5246227647615
208.4338014610147,279.7436305891624,338.4197173324272,162.27349876376732,104.10465043480036,-1192.580173437726
210.62245271824366,242.50260389505885,360.9275731761522,198.28033567638386,161.51859591227318,-1121.9465167228634
210.7509418009156,253.57443554477928,369.7715648147239,125.50502263688944,160.681645042337,-1193.8762245626249
255.47856036953462,258.4004279355133,391.7457127885045,179.8912797681949,179.61542873328875,-1212.8736325588745
179.37605905643326,270.45456658459824,358.7227015518644,162.81127761975588,166.87969892855878,-1220.143348055528
260.4991750383487,256.4764467718541,416.10928786483146,137.06719186675664,152.93707457018846,-1242.873711770849
195.3035481509296,255.0132895808452,383.7414594520898,203.1116021362371,97.33365867488274,-1170.8093471571976
170.85052575176428,262.7183876426437,452.9375781267728,181.87931478863774,100.46652611100728,-1305.3003018379752
233.97234598072862,279.76555562718187,336.9096095745616,156.08502110439215,142.6322124825194,-1205.8148156788625
228.58956210907903,243.64347112494667,364.527211679235,135.77682958169424,169.00345260203042,-1154.3919298206602
224.3511021312633,276.27712747959754,357.0075811468993,167.68618396367097,168.8585232535511,-1224.1446067141687
249.02872904382224,283.0692667266598,414.7382846854602,162.7648171337135,218.00343133699226,-1326.9867203955996
225.1278826077061,273.4345795320698,384.65746179958086,144.84677684918853,237.8924806081036,-1265.3931765854468
237.52084532127304,293.1864513539635,335.1179379424907,152.03579676761146,186.5500739065988,-1252.6396781466976
254.38611548131718,249.17302168398442,350.44742483210985,153.0023986224993,146.38031908313138,-1139.9148921354993
206.92063122472004,271.17081615958807,300.0576589456573,148.16374515547295,114.85994164718346,-1118.3768986747411
222.91591744089402,269.8570404203701,371.469205715554,142.1186182614917,156.0419146002121,-1231.3591119886007
205.30241247625253,284.95205079379286,366.1048430459961,153.3282042519217,121.33965961438308,-1254.8994543295255
235.9133481981237,256.9351579317311,368.16138094900117,122.94829021177573,125.96030864017443,-1181.0680005455015
195.9596879098663,247.97534642645303,352.87728921548586,155.95571949789175,100.62463333422194,-1129.4670825200446
235.20918665408416,290.429163503464,358.12041460599335,147.34272075875188,194.48996677317817,-1275.2579201067313
211.85794451554128,258.3442201882549,312.7958835525087,176.95084003282074,146.70574087124373,-1112.5903193270833
241.7341140812746,240.5164873164421,360.66635970180056,144.44723525863608,146.60877480476228,-1134.9604290717427
236.800135021594,232.81668496303516,299.95010962339853,168.06982263901318,165.43742301376437,-1025.4066452327943
219.84909201772567,244.65339492597758,373.620585391686,196.15287485499582,185.41229412726483,-1137.9148125646702
210.32366694062614,263.67097954334116,320.00635830649804,174.8941377736773,191.83909109440341,-1141.936607727718
205.1270161623464,273.3971896811018,341.85430513434466,142.97223774229863,140.18424512348832,-1191.4257576700115
218.39396922451752,253.91671201046432,329.3007572530058,167.6096277483612,168.50832897723146,-1120.1930270753019
219.10346120337672,274.02296681104406,345.0277278470582,152.03520312487726,219.73056770475387,-1215.6994223333027
220.4167553738344,283.06758617181987,298.3022697567871,164.1284302488101,98.53423573535912,-1142.2343724038533
192.84995481446967,292.42746312083597,347.59138523987014,134.20433786891294,155.9486991479413,-1263.8713637830642
228.06935432686763,272.8323819629872,337.3231066135269,154.03756924897306,140.50341196074982,-1178.8494080789205
198.96076576834687,253.30132180087384,304.1542357414932,164.11998238163608,157.12967115783414,-1094.383561713895
226.55360151338974,256.50177029588366,352.48519557552925,150.29960528652623,175.15358653728583,-1164.986944788742
204.92612189832982,270.2292712111045,366.7473731577694,164.19856989334446,174.41004025334476,-1224.9864890629435
241.3942472663977,246.5673405080241,361.6005378729535,160.60509560198273,225.3487143747503,-1158.221012643563
268.4367158882386,249.96337423476868,376.7089562759671,145.73521380298274,170.7969390210047,-1184.1180664542592
211.7832938841504,240.12252514542075,314.08074566046366,179.4728282403756,168.8113053424133,-1060.2937413174393
229.45583148911393,254.4242134638784,314.64439121937903,163.31323786351342,98.92490659901114,-1081.1189311392104
240.8435818713561,263.00412973745813,383.07242014887527,132.6046858813899,143.53725525917446,-1220.3945953395105
243.78960320047455,242.9470890190986,331.392721074812,148.4991546220575,216.84408919656684,-1113.0171540455374
246.35464590433307,299.68292534470993,352.91449507635565,159.68212579675608,123.60745243136402,-1268.6861752558798
191.44889290414866,250.81117328414882,371.35250783378393,171.23341986480983,168.44279210384215,-1172.635772277841
218.2309409679193,287.6176197233479,316.5802296204448,147.04622256868024,191.98075510421106,-1207.6902213503026
180.1671341055794,289.87792159125604,382.58465956580187,159.89799667926937,180.7128091795461,-1305.392018638326
225.16794640530202,302.0111559841601,315.0944028468112,193.0761104159937,114.91133183060712,-1203.9649460475666
212.4914173782093,271.1526569265102,337.6020315881842,143.30064582873766,151.78242849917268,-1187.4657777805314
224.87805329789384,259.0982967016164,414.25508498073015,169.2291406480431,152.98647833540525,-1249.9939274392734
241.75732837150682,279.49157467629317,383.1146166600824,141.17608249228925,185.84075351858337,-1281.149519095726
209.9149903143073,239.97125215714752,339.7374166244738,182.0100331743924,190.67109375821894,-1101.2316968453908
219.65582022768828,268.63819493712185,392.5652000820778,138.48887001236028,178.6101468837841,-1260.8219559835195
198.36634510082183,254.12790491977486,398.4342850188471,155.21189151488682,167.47592913517582,-1230.180610266303
209.02028369164668,278.5221433528376,350.21134514008344,148.18647995624974,218.56264746940602,-1238.7342793358032
196.75813236444745,276.94057699937355,352.04903460187785,178.4808248813417,156.7462755948621,-1213.1903383464924
259.9998178835905,291.1329456959955,329.59204897966146,178.5577758811507,109.510994816854,-1202.683614205315
182.32292859489345,247.87805412179912,453.84225027386566,133.18385582563602,194.82288857632665,-1303.647913631688
231.07785877403037,275.0546252329144,343.3915532741066,172.0541340394046,196.6297509000676,-1202.1139377954812
253.22643161439063,212.17917576391238,334.04820590002817,129.5321575732045,153.09140617852538,-1007.8287471772046
240.23189587981938,262.26137452869756,356.76058539449014,162.43786282454425,134.72640464922188,-1179.4879628395379
182.69447042097846,275.844141244146,371.89823875056175,155.78148598782204,152.50529182795088,-1246.725977165101
209.4209689001757,198.82901488341275,388.44655058985495,134.3145314120109,164.01194636114974,-1064.49242845025
197.85564804514811,254.76836382056615,339.1092899534459,162.50547964140534,141.98439061918086,-1128.3664673400335
209.20081775077244,257.4545277328486,316.95771754674524,142.1857104543986,112.77531187753857,-1106.9228256228164
271.29215607856247,309.6534229055289,383.7884566762279,148.70181291911183,143.94390632098106,-1356.1577870876704
249.1011675075929,231.79249646083431,314.22947311225585,164.10959642365694,192.7125034465673,-1046.447606644106
223.03801066017814,273.8845311326536,314.60705261234267,162.3366177875813,110.53090764731549,-1145.465509346539
249.2116185311281,268.6959815940864,337.9841336893772,137.28869218008117,152.20793946324164,-1174.488700687456
216.9195957201267,264.6042812101291,340.03747776528525,168.55676827247075,194.58545330692544,-1180.3624435884367
256.11360396565686,312.0197344619744,315.48493745281564,168.50102195630794,103.7470778499996,-1250.2085961919768
244.55682677348912,270.5334230044583,358.0074180954464,170.380039001547,201.7848054195124,-1212.1250948797265
261.8352794803494,277.46775781737625,294.2866764304386,169.0713995542207,178.97246511187248,-1134.4701832190453
229.2234391894394,255.1394553595356,383.41047607151916,141.4135842952375,129.7922308575035,-1194.6989201508507
220.04327598709568,278.4141127018229,312.15710298401797,142.59959668220233,126.37152617656805,-1170.4412253481335
312.52229956488213,259.0037983530009,235.46703009550447,145.92987586368642,169.01208381311469,-1007.772253317386
188.53671801692784,265.65963685795776,363.91352940951623,154.14341782184056,193.3172056131007,-1218.108943440654
229.54906258149632,242.27083760944058,353.3311607272825,195.8836292583807,145.56441053198972,-1102.283525159603
226.89762007629884,254.76501596668166,316.9426665264463,184.628014680235,134.82252327765715,-1100.3953076151772
208.33227233057133,289.2205922666395,372.20779567172633,182.23867525562562,154.20058372824124,-1265.5000082577326
226.83586365623955,251.78249773920032,384.4690838671672,140.34569438360734,176.88327631446526,-1208.4446452353407
241.1126770228248,252.5056882514553,382.34790388991723,181.11639490616508,185.59298055818942,-1183.195897385855
151.6970446148927,262.45434892522826,346.9732685054599,156.01002230814746,141.25798408382357,-1171.5247319722184
206.73366923681283,250.30381664502684,393.97504683941116,139.01665624753485,119.89390347671784,-1198.5396883642188
219.21978184109773,248.712052277398,292.53781338517473,169.2034523703746,152.41603017972912,-1050.9580135423241
175.35622405967223,253.1883126287724,357.3626788789466,125.4264518321426,191.24716075340112,-1181.4977184476622
218.94493507988412,274.63249695903744,343.04324137634376,191.54310455097766,193.20716317180256,-1184.375519232581
170.8321757531691,215.98270154754948,298.92854286077284,149.32641681494025,111.60081901317842,-962.3292455541879
255.39724457725217,261.80384133264346,306.1288914058087,130.9881113638165,147.79227923726887,-1116.9932360254347
162.10397136331645,285.0717508573308,326.73481330078323,161.1381771665386,231.53911184381082,-1226.6973590219882
149.01963447424302,271.5651035752064,327.9298822932499,181.168841458693,201.9783759276274,-1180.9095359235882
207.71216912044028,294.704525738434,370.2046368351089,140.47635045479308,173.00085967180007,-1308.389794521211
152.35353374225815,271.33127819848,417.652379368375,140.199093178807,161.94068878994253,-1308.9739042794224
196.5240861393871,295.76437172648275,356.9286232044966,156.53853895837128,112.37535343134209,-1265.8205102213192
245.04883724669145,281.9580258227107,378.42922154530885,177.73978000956075,181.74782263115608,-1272.0976983814478
215.91529575096732,265.8908378040027,384.89741404471084,132.86383053238922,178.7071896375824,-1246.3279617249668
177.0764910157033,231.12933524938026,360.17623401253167,185.61107688030717,147.74361814936324,-1091.624644375715
191.0605836815144,251.7587715700898,248.99913981333802,202.251892573328,223.85706320342632,-999.7139817955357
214.41858575113952,265.4484157201527,410.8122313994383,155.62590516788356,130.89127360229543,-1253.6166831726375
269.5709584578709,297.9617095847613,414.045556285432,158.5319201289906,220.94340662221092,-1362.2726097560308
277.0731243156057,266.34244062647787,381.93451646941134,155.82119070515068,162.05260633451113,-1225.7879924764345
232.94762194822036,278.9433196983286,334.4390742737831,150.8752042737095,179.3735095717921,-1205.6320708030792
230.2026550739121,271.080606137177,271.3522933878295,158.1979627499883,192.630715368759,-1105.4130889714415
216.20045666040627,246.56876325667315,401.106989461244,162.35606923889318,185.7161880639357,-1210.9464144478156
234.8925311492649,229.72345593002652,305.157305786472,155.92836447698258,169.63073853462018,-1026.1641285997173
222.186637191884,259.8192089865517,321.07421763463,176.78389037840495,129.70054492288241,-1117.1340675544295
246.31713443930585,265.8795854865511,243.63497227155528,162.54210930707978,113.76849195144415,-1017.055384951642
249.359856880934,295.56446995476045,332.03457893875145,176.75358305997105,191.0769559825304,-1244.8366822537228
184.44540732487283,255.90725975086656,357.04269758023656,145.1089901466646,186.21577813855237,-1184.3453850675855
244.6645897006,295.6767889932543,383.5113597996711,147.66566500875228,139.3295475605196,-1307.3610833621765
203.74495920367127,270.71287415678034,355.9626331994557,152.56033152934697,176.97138532756767,-1212.1089308157516
210.85646982585462,285.7335620467207,421.1940705191133,146.44961590714078,192.6494082718654,-1350.1119272082065
188.11414183579598,255.0567071292886,336.75687552313684,178.94869268620366,175.46577306087806,-1131.3375369858854
258.39197089991023,253.96749196521648,333.4929419276014,162.46219075408644,179.89671460426098,-1125.506830523613
199.724332127782,300.68280382066337,355.2622304628005,147.4087443813364,177.38035184305076,-1305.1376047301148
215.8085511412252,256.3563168499377,388.9172419747037,174.9016335511348,117.88438936855064,-1196.1634355344436
220.2748333268177,272.5578895596988,345.14195723306193,150.56100996622033,111.78933447461151,-1193.6159056724653
229.11549193280274,250.66157874599807,356.59594397550194,171.35471133473018,203.31298420567418,-1163.7316345489855
178.2390546570449,296.61782364340525,303.2660977389035,166.579708983164,179.76596801173474,-1214.7531115079878
252.5170591658115,281.2711213181745,362.4145180568138,182.79094835206377,148.2110207603137,-1228.0825307898415
244.02517320156682,280.6284165175962,266.16580685190945,183.46029305899341,159.6253927505749,-1098.9973308203282
205.3720829865053,247.67591374265305,324.2796372011286,171.18703849992193,150.1368880485231,-1079.1181264264999
200.4581562513677,263.5508819976829,471.19209934918854,149.17305831126828,169.96151749589697,-1344.5271137027205
261.8653717953062,270.3730796961076,331.3492539525293,101.91477443629692,128.8684044642865,-1184.1185530680148
223.78024845594297,289.15269632054213,320.7006841599059,153.83770903105895,186.63389982111931,-1217.67174989789
216.1147081550663,280.8922306085954,396.8200764751333,163.52552403765702,206.8627626161863,-1311.4331554011455
216.45061046300705,273.6569876147841,409.34107843946197,129.63296583588902,146.26441052254782,-1290.233542177535
194.13665247805298,259.6652621837628,344.234806517217,138.3137664517472,135.9138032068791,-1159.9892397744122
258.5338194533612,273.53728546863135,375.14105174500406,128.62479009280716,150.608812153961,-1245.416215371854
230.36791147693856,280.2823468483721,397.2588215147903,179.01952254523013,154.69639323671603,-1274.7264433816365
185.01436937435363,271.27787702937337,340.47728242421084,162.34827437462152,190.74112148436728,-1196.1164823136162
159.10428537663415,279.28495153431027,298.9625965935834,153.9803907620309,92.70856154946787,-1153.250424518013
194.5948771140262,280.5582693239286,251.5529184053704,161.3581934658703,157.8353987841012,-1095.0655076063715
233.4750850267298,248.53725988632286,414.2269982334472,158.64561920922154,212.8379715038511,-1235.083831523259
207.08637676233954,241.46029980844963,288.26085099082235,159.8552033822044,190.77640169952994,-1046.8999656527553
208.5731531616688,284.48007290257937,376.481534312555,183.83556755452616,193.24592645289727,-1274.0863659754002
230.44251595770734,258.86592535972807,445.37467045593695,107.10647124535856,114.75714717827937,-1308.2900737167756
189.51848738081105,317.5137925183584,395.97909508509,145.72077454133228,156.90458415866357,-1402.1368004768906
215.8672302390033,277.0298355461617,217.5086979851429,190.00459107479247,175.98794681933734,-1027.0375572590801
228.3118259746656,272.0605043432064,378.0060036325,167.4675458900343,153.4960068446619,-1231.5058518086353
235.35565046806764,239.8585935998148,326.6780125303505,129.52791563367265,174.3384364503847,-1094.2714753434805
215.0436320373724,281.94854161844813,369.8819966293966,144.23584390105626,105.43532431916825,-1251.2498001261226
223.8443253504301,279.4000841853812,312.628206883668,183.86577429857985,134.55619662496994,-1152.905713079852
219.16922014056297,270.5495712940997,418.86033776522623,162.69933431705115,169.2163495300123,-1287.36589298698
215.36173488615657,264.9509968847853,353.1781775901915,142.56233283165037,119.63811769350755,-1180.084793637192
213.87467127670368,271.0625043198923,357.90526070741555,152.86251605307692,155.5429994213422,-1208.5566379799386
191.32009728412706,258.11793756310976,374.357293600125,148.6114243244335,188.93804318099166,-1219.765141780303
209.32722448615985,264.41189483932067,320.08698825881817,184.01465330075942,138.15749841699142,-1124.1863288342556
280.68884415264193,256.07413645692293,322.9568645152916,178.2469216163139,120.57753845093441,-1090.7337987735846
194.21789106016757,286.22004507906024,394.5172539468243,175.73412392166966,148.88194275621225,-1294.9741810936926
202.3249998026213,279.46259808494347,345.18842563650816,168.01729973316685,151.8631089080505,-1214.385935708528
171.35862113200946,224.9040671935556,352.43907398241095,171.17369720787292,156.54235011135003,-1076.742013169432
205.60579844879197,270.63944674049026,382.49188396685287,129.91316144394494,153.41000361015756,-1256.4445409511945
242.27230912666164,274.02301618815017,420.57754964384765,195.97518964275451,220.58918343815552,-1305.0574444241854
246.74309839535846,276.5815149233355,370.4866938015728,170.7917846559628,223.85805151662385,-1246.6067436135386
205.48797870875526,250.0180941065325,352.13739998718904,152.1869435145805,155.06409137068744,-1143.4263716051767
227.71143351280816,265.7735728228764,358.6496567085061,190.92151953562907,196.3620030717371,-1188.593903713625
193.279290639334,249.7790301340613,418.9609128604313,134.7071299993331,134.93639371485637,-1236.7304843856452
219.03378521871602,255.0117118358837,276.98235521152145,176.0809663132874,69.20773917548148,-1028.7843889912751
174.69746832235126,297.5316610036218,339.6685297490073,197.40704684750062,173.68940139034137,-1247.7411557594035
210.4797154222644,262.3999864373272,308.93180422246684,162.6896631279306,212.58506862477986,-1132.5762697907255
204.5233831328346,285.0464026123545,397.151860420045,192.1702051258642,131.43324352771452,-1286.2598798387032
203.55689784306372,248.741991695713,369.89995702450295,160.27804204871583,185.58918105270692,-1174.017835620955
221.76484016694505,207.96224499514625,324.12146748807936,162.5727276765025,153.59651671393058,-990.190595494586
234.5076477746846,242.33482576892587,388.3482889088392,170.89659561237957,166.52341124520134,-1166.5784103067158
246.91786226099856,282.5876802848195,397.8265776902326,140.52480540430787,138.46039118902658,-1296.0420033393996
261.4194660515285,268.69223552065563,363.83667503155,146.67089550076108,121.13834736753263,-1191.9630197119714
165.78287409043938,298.6755111878902,333.09054890710945,159.1345059680829,177.95470593675591,-1264.3187840879602
191.40590996839992,249.8975124532756,273.71035495309945,174.67357943488494,138.83566822907338,-1030.5807418947245
204.0074971810744,246.14201654056026,355.124722085092,173.78855569193988,194.34595917631802,-1137.6573681442321
203.3501509217486,302.14322920721537,338.1965595738023,177.9072422070965,145.75216575669782,-1264.6025221280765
207.99629363962475,279.1117929959217,353.4660260384762,180.18878921226437,128.21190164399434,-1215.9996968190405
250.79952687557972,229.0539847066853,314.8934323170242,138.38925432241413,184.2646880483065,-1042.0565968549363
238.78206736096732,262.67008988999845,375.07194151507,140.72111506113305,162.63883607698114,-1218.7894171682342
242.41214183379924,245.47603397129643,370.53416759044416,178.26990018420105,193.16873448470204,-1155.5793514723734
279.78574626296813,268.3031171097875,373.16662275004546,180.70647449689758,126.41980059251213,-1201.409665922913
249.00776228042525,266.2908828170189,353.77802443896627,169.94149984110163,174.6014525118185,-1184.2715159063368
212.6245914462613,283.0521272118482,422.74775812703234,178.2616873811287,164.48852543966498,-1316.0268854194708
206.58061850744716,275.0996960247606,326.1873549410917,155.49874083294694,188.75142459071753,-1179.3805010341175
220.1114607748828,254.3600745456424,396.68810795490884,164.53387264282702,142.4847840142545,-1211.495152676142
194.7919278868971,295.86638757583063,338.43896662310533,156.82920894038966,171.84802885948469,-1267.8622757176047
158.78928012895946,262.06755561168467,371.2577533218715,125.3467003372938,141.8778700042178,-1222.6421085261318
162.78068654950468,247.99165674599757,294.24189552831024,160.10848935625478,180.23486397549442,-1062.8499237594997
201.71462442419292,236.46413363571224,294.23836400158643,146.22695162585492,186.9546006892252,-1039.5113393519664
170.73800173653254,262.01621547892773,297.7004490372529,155.5991285826465,146.74668367193019,-1106.8706340270578
232.2322506979948,274.41593850176474,311.7789085414415,172.42298921785454,144.8031749757876,-1150.7017050589868
234.27557079582942,248.06822598080623,351.5910127317462,148.72261201221463,211.68154868091617,-1153.865470675002
209.66221347721242,266.8033975490714,307.40219328519,146.43471465149983,180.77795070739367,-1142.378845272087
168.5608321411459,271.73580092201667,346.3478896659833,138.56069443360494,176.167640933413,-1214.7531184446714
218.54747014193958,295.9423177251233,295.7957279236026,172.54445437352044,193.85922510347575,-1196.0806030107633
252.21919036525583,268.2981323645816,317.77251384116806,150.32334633589463,143.46601409218204,-1139.2809965302145
220.75896923388746,243.33399613955055,365.2672937886807,154.4064613438649,192.6146217098508,-1148.3700001595564
229.66650935265343,279.87486751472767,356.434407691457,155.6366729176371,158.95935751608684,-1232.679698351061
176.41653272110358,262.15851695291246,292.0644364147554,147.82047794387097,180.30175738997139,-1111.6581611239799
221.7796772645337,237.47226962139558,364.39618699403604,151.50696411960726,163.7090302083937,-1128.47099377928
187.8630784210256,257.1396879946936,396.3323879591108,167.1181492722394,138.7819008983742,-1216.7217985973398
174.16538984760325,289.2339695847436,312.5968384849571,131.530342741103,197.74303753733608,-1238.7329432010154
205.45244948106546,278.9503275060559,348.7386428208789,167.99631625349963,178.09995781871322,-1225.3251400156478
247.54649401792096,262.02070288193613,404.027453198849,160.72221868534794,138.33505387851275,-1239.5211622537013
184.55386938464332,279.6393102206445,355.6138230756393,184.55364848088024,158.59766904628663,-1219.7304664302544
214.86905886670291,281.97839050309346,390.6593635133313,126.35919830705916,129.71489964946906,-1286.6495294704873
196.62037748169467,240.53231033906957,346.6598214198358,135.6943149537725,119.75487817178764,-1094.6685682488176
197.6155617347293,292.7214511370208,330.24069364698653,130.86230016779956,135.03710162593464,-1241.521915126321
206.0798925847212,285.1926885171696,352.7915151217895,146.41468762874553,167.12985059824146,-1251.7376352660533
266.2293095758742,242.15293616163902,329.43584547635663,168.62361379373638,174.5505545780544,-1078.464124125886
183.41551890046657,262.0764273328361,398.0100988936076,142.72778128081038,201.42251237924128,-1265.0147337713945
164.2037516082409,293.6658410321465,260.34983725840044,150.95835548794355,206.9410467118972,-1161.145376185205
218.53183242667782,244.6412555685133,409.7157435304956,118.14823891471018,139.3570404059329,-1213.5688565951773
197.72827382470243,295.3335431454524,302.765300657498,172.25749416226753,221.46684244000357,-1219.0138873996145
210.7418980670956,269.11509369157403,290.64402592747564,153.45058483522533,138.52516931328742,-1107.5275414656032
184.8080104655736,257.2388993024473,373.19382149024864,163.79858827018998,161.9862472177943,-1201.285250598255
196.33251482473332,275.6564191322495,305.1023004663021,149.50389954571887,211.5072878208414,-1160.1536045128908
188.20241558100525,262.1335754552927,309.18747363916174,158.84280405162986,161.5726359288029,-1121.8677294614322
211.03854300711913,251.08671218469388,324.8446039690613,129.7786863153212,144.5623001483431,-1120.4105422966352
220.90201123592004,253.5026754307484,299.2840827080238,134.1210286059231,180.91674887975373,-1095.6828222835884
222.648725536093,242.0138365002459,360.85227348082117,139.77301745367294,176.44302425766617,-1149.403926380953
173.09295517291474,238.9442060497876,350.5380054843468,153.6155629378261,143.55175175413882,-1110.599900847444
210.60017283688632,296.5927022632823,339.2500790284762,158.59953433196233,130.48241966111772,-1248.1036082655355
223.8855854555936,255.8280268927923,384.9605959629657,171.6639772731656,165.44628957096847,-1205.18244877782
158.28527868807961,263.06030472419286,400.08284307547393,130.644518691252,153.50843591103305,-1263.536246923964
240.9433054649807,260.4328716385654,462.52711841051615,145.70721902510104,213.95472491690484,-1342.6784781930546
195.32102366050316,236.0607276489685,377.78730655151435,155.25851018899706,207.7258405168146,-1153.721948417457
158.46383162986936,274.3273622091605,378.23670601483633,149.06416548422814,148.72457064489637,-1247.4364327708938
187.76386067877888,269.4588191352788,319.52068261006735,147.7093788404294,221.37672631614376,-1173.0544871205454
225.62326394334502,259.0968713733975,322.51245144950167,167.40181775277892,152.37089224585358,-1116.5986908951095
202.18328417343272,237.8707991298402,353.21091413081217,196.16294083095607,167.80974162043103,-1097.1511576390565
198.2498004924985,259.5644487360224,370.70889298136683,160.12784261172467,213.5976886699505,-1204.6353810584644
208.62623723725812,241.33024976765304,370.39912985682486,147.20729367333553,140.2284121097045,-1134.646990904954
202.7001046346187,261.15984159561447,308.25166719114935,126.54143097263109,165.39001531304055,-1136.916282727796
181.2317598483876,251.6512082659464,379.19394242917855,164.49807306773667,110.94148006420544,-1181.1749644955605
205.92978565235146,235.97079776348932,312.0968544929607,187.26500587330472,194.43398217004642,-1041.180081082462
211.41931106683643,258.4221976490114,391.01826861488115,165.59089869838454,162.79222592467337,-1216.8830892212159
210.06428848216498,278.23176273559,422.53796566086265,139.93913248136423,182.28961235664426,-1335.3248368936659
193.41300545332552,258.3566039287017,281.5776587771766,179.59883393840434,130.57488614418975,-1056.4259400753454
176.29963431662068,263.2003672736984,390.77178484709816,162.21194456768615,156.50836895209798,-1235.5541477140289
219.930460002452,266.49337978275935,314.2551609387184,158.20066863184437,194.88622406422385,-1149.8380657808545
266.65823999636,246.76145971608693,281.5851891430588,141.95452711378763,156.63350529903067,-1041.6630084678513
184.0413676669369,274.6137547803531,374.4346559846009,177.05108664237912,122.66651272837595,-1232.385876208805
227.47080008619102,233.27165295905445,309.74147123290993,152.1378677923255,153.92196432603433,-1031.2481770364554
211.42604973836552,262.5283473645007,320.3613296998691,175.0909698419218,196.63195674350712,-1145.4650179561177
189.44105200798168,269.0814468603566,369.30647348490396,165.56802528796837,180.92158464428647,-1227.1520157168827
206.71118571146354,223.7401963767432,316.46661909859176,180.02132405774356,116.33170893130553,-1002.993286841843
200.34836110833442,245.79821911430625,350.8808230564904,146.79979045919467,184.6829646037011,-1151.10938796968
243.5504654191137,246.14806594172074,350.5273026039806,163.9548113592685,184.62515659159732,-1127.7040483843264
207.18458348836444,268.697926674643,363.27778281051786,120.20634242342906,177.71301250013676,-1227.1993307960906
241.66403201210701,277.7061347779742,239.56821357368943,143.27839800775317,184.07244181411917,-1083.920264221168
256.06221668170167,266.39069386620025,388.38023143202025,197.3078495782126,139.39366039803164,-1218.6116427078475
203.82225495980825,288.26052754467617,341.8370707942104,144.73391111978884,147.44711757441686,-1241.2603871145698
189.5112375948228,289.91462571545014,379.82097042258056,146.29216868996417,146.68994356440425,-1300.9444118610108
218.00763698886283,289.80419900706903,237.97686813760913,159.4327560958607,144.81596628522047,-1101.569464468338
244.12847845354838,251.77266797713278,281.0846954278526,177.25569763589183,165.13815301961472,-1040.8681294796781
207.81919603690963,271.13472607275725,267.6396627789871,162.5865108728648,180.93799994522428,-1093.462190832134
225.03910334557187,254.07041967009502,349.52908890400573,128.73800574768558,168.93899937582228,-1165.5877665183673
232.36247330874662,254.73962230826615,415.3122597080224,121.63720189788269,114.64832834369324,-1246.1610427193925
210.8073987185101,268.5073958908953,382.4438054111303,157.80051635388642,191.2375285749893,-1240.3799672808607
235.12039885775883,237.43027091414453,300.6040566204138,148.7570134237757,215.3986428059571,-1045.7189161260646
241.41994117663697,236.0899990721109,319.1904056606193,112.76250417509763,143.30809500882958,-1074.2937206077204
190.1024040199296,280.4003262574342,303.14079249700285,138.52504509690655,173.36384880387862,-1175.931225084413
179.65505691305142,254.75805869242416,353.0139716240734,140.45523256665493,196.9079731994997,-1173.8597583055114
243.85006347216284,264.0615411265847,314.4053728940202,160.75946854363409,100.74769531126373,-1113.5985900559074
180.05678325739518,277.52747204570056,354.9732148078353,163.46210702920166,137.7984760787003,-1218.3288441630964
256.7502923122228,245.77153767398946,440.91804606967384,180.70994975891458,172.73879894687454,-1244.707748122555
167.69372287787544,276.32340451480025,270.85135257119504,146.3497261356636,164.07519923368608,-1111.7243385196432
212.59989178932733,305.6995935074724,378.48028094075414,178.75934062030476,157.79394771567834,-1332.7599409230302
200.34533258609974,209.9442416690061,265.57587215530066,145.5065301502364,190.9185771145046,-929.7789858240376
218.8565894726149,286.20211300378634,292.0529314825702,157.89437880402775,162.99787385266012,-1163.0397002298585
264.15763728521006,255.54622879877087,443.9734261990357,158.36344846692825,183.48061955834228,-1288.7694396750162
189.71370252658062,271.8231089601316,281.66729548573613,167.86478206276612,190.2736584734444,-1122.3839947380104
189.47850179794492,264.37945685302446,349.59110887554283,141.64598716150948,105.68554879641295,-1165.4208427035499
193.66279863122887,251.29257986513332,351.47717552202965,127.39051885270365,154.13641747093834,-1157.002715561827
206.41142815098755,242.46763212755954,357.2506614010888,149.40991874907908,131.71331088559114,-1127.2660428803806
178.28027288897636,253.54365258366607,338.5052777114238,145.437198758825,116.20146208775014,-1129.8807713276578
214.6934044557016,256.43622950904137,313.41982906820806,163.4013488656051,167.08200921029243,-1108.0245569897397
178.09921834905796,248.91540296934846,383.54508519779887,159.8857992439414,189.33579956652497,-1201.9968452994055
216.4730924382501,235.552690815526,288.69573980030543,146.81955544128522,143.03481501597628,-1013.5376739696576
214.68739909469681,262.9036560441045,332.68512630482445,167.85725845668992,167.0403159957931,-1151.4264350472085
185.96694019334,281.83583480932026,389.3852690757991,129.8902367816035,236.50532519581625,-1320.439336203808
184.27138254073088,261.6463430499258,380.287670693032,151.3207182165763,155.88630898545966,-1213.0020240780568
237.331613375834,261.7812038056926,307.49259407486414,163.08163702759282,197.8643189384539,-1115.079304346669
195.84422309209592,258.9176111127725,331.80646228571294,192.6465697218386,125.50078271921957,-1127.602183665733
227.29749945401008,256.55899064088317,372.1890800694058,153.20127046541845,172.93197381112952,-1194.876672830425
218.15563658651192,280.6795012547429,381.4456193242801,164.16521617556205,166.28612745274842,-1270.8246583418506
174.56207945827202,281.8312916067355,342.9732168796872,151.87791282125758,94.08872567364362,-1212.8213892560675
217.550218373046,265.5125296400988,410.72171857729836,157.52827324699757,157.5676625702325,-1262.9089692331606
186.96526498801913,246.3285283725178,338.8507683111384,135.23699916100358,176.07649006386313,-1137.208343603178
179.08481541379598,285.430272645012,275.18894087574387,185.61598090235992,103.89239369444401,-1120.1148852591245
248.6111800821049,260.8025488729924,340.0857360114518,156.24816782705034,181.77925515245548,-1162.7152358269252
196.59702128331642,265.13955150848597,364.30281478467725,121.46719628098823,149.0393645760292,-1221.7557188618705
269.4202737182607,241.31884252077504,321.73077785929297,139.8586955069053,166.49128595496387,-1078.363076659615
217.399363247334,272.4021164819467,275.09147700453605,189.2864098107456,113.48669592911554,-1071.4795182849175
220.04792145948383,279.599313382138,268.9324514774877,171.13256747956248,174.37247692351158,-1116.4183401533544
232.9896692166618,256.11742162722936,303.50189069860835,154.70150354435157,210.88997897773055,-1104.8066316362504
201.612808969429,279.2100811239827,395.5863474471077,144.56300641407157,198.5231293125531,-1308.4461121637582
200.44223489320015,244.09942645188332,342.37720058246083,164.744495122052,142.34756847349757,-1106.8418275080467
223.20967946579174,283.51831888261916,384.7553409380399,153.70932557815252,143.0891707637916,-1282.412005901014
231.2777815743104,235.70399001836867,375.82652638627366,196.74411451308472,206.05853147085574,-1118.0542682141797
188.25334502197288,249.06093958621082,302.0179813937248,187.28268091866585,160.7341301848297,-1063.1356637386243
237.04111725694767,260.97379528904804,421.55275589676455,160.94158823041812,156.43015205007714,-1269.7160465347515
235.41503763272388,262.23325536198394,371.61481367973846,179.00752656864861,196.41655838065785,-1205.022744012889
264.6460277724264,256.77424643419516,331.572256725809,152.1772822854196,189.63158730038188,-1138.3642249328364
227.66272834143476,263.9043234044824,385.90286538603067,177.82893121185128,227.38521920388618,-1240.1429421948328
153.41333379026838,278.5067181724294,339.7442784960021,194.72676554425428,158.0632043783629,-1188.488255420862
192.3865066256612,276.7508988037735,342.4868976766852,155.72890818781946,206.40912506423493,-1221.8707567367312
227.3977597806527,263.75083630057475,367.64912735087336,152.26890195677822,174.5970771280691,-1209.3986842345332
200.99228218923068,252.1676304275144,313.74473223178717,147.4140158884465,128.03319490652183,-1083.873542115238
202.57554592179463,263.411447725709,379.92235668435035,149.77371504577366,184.264275633682,-1227.870923679346
276.8755388300048,257.26528609838954,343.5739026314965,133.2562270195496,165.57672247164868,-1155.105263201757
226.55552040157454,240.09591303472192,346.96618145794287,155.07896260447598,154.37662450918262,-1112.7556778326857
211.3481244144068,239.21801421950542,313.229710876819,169.0846535140521,187.27623676159922,-1065.341676097162
226.36686973500275,289.69045508277486,396.80772418913824,149.53507090515603,118.54792900456768,-1310.2189952687238
219.8764731292554,290.05270293631094,348.58046803628474,168.42881517508874,176.72050183864803,-1248.1108709174855
251.08308396820462,265.81622690361536,323.21508803881227,146.87482569177334,74.92724285828088,-1133.018573469365
211.337767557806,288.2538876044137,338.5788639311931,151.98974723032256,191.5010211720736,-1245.784651656001
218.02486819975186,276.7536658709484,436.9078030276786,148.99815712086857,205.83907323424162,-1351.8488746913565
217.40250154025745,230.4954636720537,374.58840950759077,203.4364187199704,119.83667543366616,-1090.928531334523
161.78273476017782,265.13140417290407,366.2302260815917,125.82495482054807,172.19369266559218,-1230.1235120334625
229.17125962274955,241.19699125421033,288.97990005576787,167.13476639294132,103.77003377473984,-1007.578905853484
190.9968196355624,276.89999639373167,279.2880475821386,134.38301459631478,237.745343249218,-1158.9970781435845
228.3891048024264,275.12622036007696,307.41709001851297,138.41207726928252,127.0899663570365,-1151.8417750132528
220.1494102757224,296.8428574167586,364.151005148175,146.9511834211193,124.46693652619864,-1284.3151085243906
240.4840547146955,266.7780259116167,342.9448705816679,175.0399833621632,87.842529973134,-1148.2934621553725
225.70759335687947,259.20955849270644,367.58318569328935,185.45597297030602,193.54821041415886,-1185.3295410230498
219.00711522507046,247.40313949202962,362.8321987627961,140.93100781083584,220.7433259227613,-1163.8634937817349
209.690432704448,252.7777502345857,339.29683467509506,176.39679218061337,170.66063974257978,-1132.5709376387545
204.50766329967462,272.16562823979615,363.0570143375991,183.53696005737459,167.42101961831366,-1217.08897926006
178.89029020680897,267.6128116963225,261.9419917301276,163.39585007345252,135.96227527432995,-1056.7521290090392
239.83261412309741,252.81561477641895,254.41872630496144,152.40159728444667,84.69424136809594,-997.6758849401834
180.126345355721,262.2255377214845,390.51168308121765,185.1253786862317,233.79530910385878,-1243.4387262516432
222.87215726422906,274.5940308159706,365.9638506398982,173.87994494164963,137.7651889605385,-1212.7135565884994
215.12053737392768,273.10163441249574,286.2553630323904,142.481786598784,130.87687501920755,-1117.662764846719
198.86035518887337,266.7673426992861,310.77419164122887,179.3465104254689,111.94334108405552,-1107.827794508037
202.58040687468926,259.39506820005164,331.7485214743866,170.6155899979041,148.60076312477787,-1128.9130863348842
217.18215104774524,259.5050160794664,333.68824604189336,133.18673967462522,165.51099373832608,-1146.2001505145436
236.0375011679432,251.76012349161587,385.625535703715,151.0370637826073,176.74030190859173,-1201.9212347661814
242.97933410433208,253.39680313635571,426.5281807232111,150.03731378446463,156.07938738037097,-1257.1120605383721
222.79389116544488,287.2229313389085,362.4136588785864,151.2653678391949,154.92012164789116,-1261.247111018462
243.70983616083126,264.9518852784637,315.1396937178792,128.34432973591805,200.70238968070447,-1150.2273015744938
200.78167194327617,268.9816091922391,261.77301379019957,152.57100846781432,129.42391895138368,-1064.298271977486
226.32477664463474,257.2911508302463,346.8642374346516,146.3930412554356,156.32019158410378,-1158.4786465814784
215.7398763314337,241.02761965145172,355.8327640311004,170.23835097507515,107.66189367245238,-1105.3147248800728
178.93255323291692,259.5702124153562,364.783551104316,156.40097743618242,174.1988549566262,-1192.3049282074833
166.4781494744319,268.8886589276977,424.37980456866507,141.72426150826263,180.12417156407923,-1316.2785854297024
185.78978232600718,275.5549044733696,386.86281591635833,160.71219638722417,118.89264964471388,-1265.7189156041798
224.81592426706857,263.7036383897156,364.51121685902916,148.4285969309314,210.76664115270088,-1211.4985509120884
220.95613652810192,260.48786518170857,439.0732763767834,167.143712005039,173.82217003290023,-1294.9253656167402
199.03621622316547,283.538868727269,374.04521303683777,152.96677939972315,255.90253115597324,-1291.8371471658065
210.49816147834758,231.05115019055717,411.2526503915532,128.19555214279188,164.06725676459104,-1184.2853647590268
211.59497556695263,272.9405050442441,390.5185856679215,164.47323589769158,256.5009924110893,-1278.714233064817
192.86209360946413,330.34375129289435,271.73900432367196,141.8201275604004,138.68068427043872,-1260.9332024040912
224.0128132522751,291.0401987924524,347.1330743846149,186.40211380714584,196.7352823506797,-1248.7302443704734
225.5359685128456,257.468305229154,381.71493140945495,159.82512391392575,164.17840830141625,-1205.3570833890378
289.0975962495088,260.9929735765978,320.82558975867414,154.59131683883137,222.73855195949596,-1136.9308680173212
263.161760321012,268.0768469664993,295.1175605795818,154.42409960673558,132.8435129096205,-1111.2606576561172
206.54547452071773,270.289137624923,414.5380810632858,169.29224757314458,138.81030299026028,-1267.587007320575
223.42897258114425,275.52292963547603,275.7139648009945,157.37662006795557,93.15782839829308,-1100.4682993974534
171.3100509107391,273.7335785484637,369.7988428972831,168.73623559869574,135.03109619454807,-1240.9262594149056
193.25859213781277,246.56802796992545,379.7008140151026,179.95796116998784,142.95845624102384,-1151.8846126067674
216.65814476581204,260.2586845562314,391.0943706722439,158.07025882769864,189.2138672632228,-1227.68479378211
179.08303043247128,269.6002667893616,376.99960221275353,194.4032682871039,134.94718204552336,-1216.9972461268774
197.82071803515808,240.0981222625737,394.27809020823287,154.83572012466215,180.01299757796798,-1179.3970518381889
192.22349735461086,266.51099279320624,393.44167628347435,189.00298504321876,116.61942959402859,-1226.0230676628355
229.1354658247133,263.7067039275484,356.6910046237404,162.91820779796228,169.47471792180184,-1181.9296682784175
243.52484222075688,276.89971104325446,346.9323819115278,150.14829595541042,133.25611520872863,-1209.3454345259183
249.82756877666537,288.33833818325826,385.1002137092512,133.5927127951522,258.1191361565294,-1329.0968562849885
215.7287413001295,250.5417310313139,354.2590662338173,156.3245341014101,159.56166260035255,-1148.0245865766053
189.20000831144986,274.7612625797433,353.2048563713555,136.17114450283347,154.84360402480982,-1212.0078414770344
195.59533586844043,269.5901856004984,396.6256903276696,167.8669416398724,178.01285797059268,-1269.4849922687629
224.85173727449046,260.3948199547051,369.5660092504679,152.3609194337872,195.1477846878057,-1205.4880884750512
238.21637929194043,269.18164860538855,307.2344660286265,159.84337261663075,152.5140038469127,-1125.0172157413658
210.42939657348208,269.55920855844647,413.9365368272988,177.36617306780772,163.56678510862673,-1282.3857847975767
265.14704238958717,228.981817917749,326.42024519694235,142.43120541026624,153.02498469965212,-1045.5508949509924
185.0611772210311,246.8712835958271,322.8921863506,168.64812562702502,178.9949016302657,-1094.052323250374
189.28115750651847,254.1435823602636,374.11188922105936,143.40042783000047,144.90422994228032,-1189.9866340922747
210.77482040572826,230.30191549010343,371.5094702580316,146.23241704748327,214.92449932994134,-1124.628515662951
203.78909354336034,243.79803681208702,354.31605675696136,139.56348221445805,142.67765093075673,-1127.2035078270821
218.34034566714908,268.734976602663,356.6421839057891,123.08461962988927,175.72927488783012,-1217.5610767120365
179.76105694705916,266.92826468978984,318.54491822355095,141.06814362647324,180.82992520176052,-1162.5182902725528
202.49702768489632,280.10916771444386,354.405162120261,165.49893883891164,194.28808169842682,-1239.7895482896902
218.67972534238345,276.1918792640268,270.39947526721613,165.3340986223998,148.0341728032696,-1110.26810426457
243.99627561594542,253.9761743325791,382.94886063417977,139.53315852246703,146.25014885852963,-1200.6188251629815
245.09779605521197,256.5280006961854,340.94660953061816,141.4327941605808,150.0123910764799,-1147.7247753363001
254.52088297405342,252.6953535904193,360.0380007026943,177.79109315805385,218.3964469592735,-1165.2492945399429
201.41844418128392,285.25643901117263,365.5009392210532,183.69978107272823,121.44572998099726,-1240.2490063932796
206.99512476950719,262.6096857939909,420.4544169297024,158.64509426825526,137.3035325851803,-1268.9375302401634
181.6709941026952,237.8040720385207,374.5677175434152,148.75404029258704,206.32297433132388,-1161.0166423431187
197.96061701366605,281.25733837476827,317.50579545968327,147.90272455792916,120.75365698638608,-1189.2830125403925
219.56724588057918,275.03447043030144,394.2646824749362,177.94708354044255,147.9267256856532,-1264.3204815334618
196.68651095691868,240.01704384788516,351.25758434337763,144.2380341828957,194.90544352761458,-1131.9571029423907
227.37845900712827,259.45243525825185,393.4031767794395,125.1502345285819,191.04109700301518,-1243.406745797534
213.6766076601799,303.0302558969538,401.7662365486637,191.4431938314158,156.36492631768994,-1349.2839608113065
234.94522209732327,242.8150764560633,348.50996562853186,153.1710704276536,153.07613860998038,-1112.214981517699
219.92932655587845,286.6249509172108,407.88351353187136,166.10789633336037,171.21267665978306,-1322.2779251858892
205.365211969188,292.39908672963287,305.19044786213107,179.96464055291005,194.5630161742681,-1196.6693661996055
211.8949261284,267.3384143508285,314.44172400559404,157.60066897460317,147.43982581931178,-1133.0540009240633
237.00437046363055,254.51670361216918,315.55301895880365,169.28614991942595,268.59452854182086,-1126.6021793498371
224.05151474708896,296.11268304960134,292.4357983120488,133.23115124067854,200.83759654848396,-1207.824225678604
224.06720297995403,250.32076782130704,399.8304447250834,144.59466315056056,105.03236545204605,-1196.657731085542
172.00431528337342,269.6307064960496,387.6578462769514,162.4982982081737,194.56203299340405,-1256.548595021418
264.1661938875196,289.69632984453193,327.6947420918825,177.99808539322186,133.75824469137908,-1203.4573297836066
213.70716585595923,267.2518668724673,289.1832336675572,157.93045886236175,135.4854162328241,-1099.8304260463035
212.5835585850877,248.9596401176379,290.72800079481874,133.52592459169932,171.5948224129969,-1063.7504788800063
232.14031835315544,262.0999764314244,360.28075052279166,145.90085071075214,189.50423575271589,-1199.4892417936833
262.25531681167683,255.1570716859588,309.88628013160405,158.327225891541,159.11717105177343,-1093.7079690795197
230.97258537539295,280.20870846183954,308.415750403137,152.49560563841322,154.95847222474174,-1168.2450069592508
213.66446391336976,276.9213189590408,360.27577758251897,141.6756614703884,188.12029278165696,-1250.9640273158197
225.64476791260984,274.9895342123803,318.3089178923257,118.8164168607078,174.76414751331063,-1182.5800703757675
221.252884413463,243.5677860606486,311.69940258743566,173.43858731159173,162.38942687979184,-1063.2733102548896
242.53722417457303,258.7658377507305,314.47648435403215,165.58278536604212,159.01110361507006,-1110.9855993304311
210.63328955876526,264.90365302896817,357.49038771281914,173.77028403641074,151.88139065897403,-1187.8441135451594
198.73935323603044,260.96230804846857,357.4408130429268,152.77197351396083,206.480389662408,-1188.9989082872066
230.50127769110847,257.2258865628932,387.0489068463934,122.14458680456278,174.61969461841414,-1228.9097726940415
226.04463362824276,253.79164902167267,333.2989241460995,132.02913545537368,179.29703247029676,-1135.3347332088624
243.91228656994733,273.723177179049,352.2221105739057,160.57926873721715,162.16206582335462,-1201.5201319576747
195.8390434397645,278.192409328177,304.69746148542924,147.67177111135157,198.68631936283018,-1172.510152174182
192.78759838727547,270.85618401502927,320.743068458401,134.32690558326755,163.3634942842085,-1173.5581435106387
246.01330574732688,267.43249273271147,358.0837902438303,143.2132639902915,90.70591768855508,-1187.7127680793035
230.50938283676257,269.53967398561144,332.7291273971548,142.20803002750918,144.59790359071746,-1180.706951496768
268.9055301850429,279.9136938130891,344.94871348139503,196.65548102086743,139.3025392543271,-1197.1334646206371
197.5007969343909,246.21387404910843,404.5784976937558,144.94754864629886,178.20937294737828,-1214.7771688185453
201.8959550235059,252.9602900385289,321.95525592426355,185.53472178162443,102.36943554107008,-1099.47301938026
195.87109610330847,277.5662998151613,331.2422775034035,174.6456807764593,153.2526611848727,-1179.0053619429125
213.1089972017942,302.65025440337536,338.0744862967792,157.9506947349213,196.8502078060185,-1279.1601584913326
238.32868359291103,273.44910880768896,414.0372193285908,171.9136636658348,201.92123976782543,-1298.8237374795904
239.428154684661,280.4683119044292,337.4975138547319,136.13328312855734,193.51633532311396,-1219.4334408733146
220.3171128293042,286.60325765708217,289.4002347729385,157.99611053471716,191.3878415979155,-1167.569584687634
214.21913555452,256.3935172310716,319.6658432025185,184.9941691677337,237.00959708601368,-1122.963364126145
177.57736604585648,242.12969694103745,393.2388381155599,195.94121322371967,135.58739841565207,-1166.0037076125157
216.0009353123439,283.87077224555213,336.03279243068124,143.69194986583176,112.29775252444739,-1212.6500933153275
216.89458695594402,260.9758525286728,310.53380637097325,125.85761319492313,162.91386300167892,-1127.7555111413665
189.26899293276688,286.458138198518,376.49533291581724,155.00143126400482,182.6377884035324,-1285.0057866564175
226.59803012497008,223.88637753331662,322.2425845237504,175.82479046834615,139.62457137487465,-1014.673871693665
234.16352619202758,251.0912437084111,278.5254197780873,143.07275643033012,175.887578487434,-1050.653086857256
178.78567573299546,263.8278760797467,417.25138374272416,134.65809990888894,96.67951853489288,-1265.405958810705
161.17083846842115,241.63210704373196,348.0417713637518,149.01493890958452,174.95207934773416,-1119.5375354393739
244.9822388647741,247.65757361177242,371.40238756387254,111.79664386029232,115.297013878129,-1165.3123283557945
241.29229372329388,266.49384995692003,344.8436064293481,155.3926784083159,197.58823652082503,-1185.0963592854346
233.21580715398537,240.63931337452,352.50477629165647,158.4302464810597,149.4598529703637,-1109.9160294328444
191.71639173897492,280.3022144988232,381.6462307938047,176.04549528566776,169.53294802899444,-1270.3911372936245
193.72217047187985,240.40606713851002,346.6755361558326,133.78308504875386,202.8319971360224,-1127.1417069983356
272.04268427565074,272.08870083930583,318.5398413762285,167.4734677410659,222.88026586457667,-1164.9358895853031
221.55667859102738,266.3686207107473,447.0592524135904,140.10083289528393,144.33812668764548,-1316.2805873744476
216.28065794619803,267.1564984594796,399.0236666787488,160.12904464718972,190.7120397800916,-1264.122568699437
202.51443536099808,225.17245794094362,335.1514558161117,200.16957392563728,186.21643216416652,-1044.820734809746
167.44555932096296,238.9583602603948,344.02012903279154,134.33681347695082,158.40792397656097,-1111.7093898129183
215.74647967372812,283.0374076297282,325.3575666155637,122.89873953432988,184.60413955737755,-1219.820699211191
260.01956394341136,243.44221804371603,368.86828766432325,146.08597218772954,106.48567468959646,-1135.1662810439875
213.96363288951198,248.1129558010737,261.54805825777584,158.83585478331102,171.66417480936124,-1016.8562621820676
256.8819652526629,247.83774204445962,370.3244341242476,155.0401478383017,137.99166886991463,-1148.9287349177728
191.8402016845317,277.16095654928137,354.34878354574334,181.47072590835973,182.2956240462004,-1220.1741993321627
225.9679186585,264.47996532316137,367.6028766033962,162.0027640032566,136.99243782853188,-1201.9072161816791
230.87069453700818,262.0950857508461,391.6519057377758,154.75541252370482,163.573715713122,-1237.8208440341075
214.58670612417234,279.4496329029103,369.81331979019063,174.8617154886504,220.0820452030941,-1259.7998328176154
205.48801235083928,236.11582152208115,397.54066704029236,185.7097083134076,187.34674891338867,-1165.6626974637793
204.4599437654965,244.18281423645766,363.3579179792193,156.25567088578146,151.3095721263294,-1134.4701551292696
248.345001577273,247.6521471960807,390.276880351272,172.77933772728218,183.8440859030537,-1179.7073510397836
227.71590044518933,256.61444367527116,297.9679169912966,172.7131475091669,162.54360037249546,-1079.9808003710802
232.6414608423769,294.84961549832667,372.2632262227089,145.98036637217538,171.65565583985796,-1306.229727197156
228.0282184395731,262.1018478310281,329.44807782181135,162.37256506713788,197.5630465590487,-1154.0441489590746
173.88376942180346,301.72556918092505,397.55359076942256,170.97373134508098,116.0165363071537,-1335.7242090124932
214.03203406974086,252.0629901609932,376.4738066003076,182.7209612798964,157.70215350046288,-1179.4964397445185
196.2022591593416,247.62091690257702,405.9822414961529,132.3706094075833,138.6274405408428,-1212.471896278892
188.4040198551301,254.13362564083567,425.1447915491052,173.37845816571212,190.6579337235828,-1255.8485197201967
209.01233790634163,229.65015859376322,248.27653747533242,161.0818894882976,222.8512928076161,-958.7311585893577
273.44151032561575,259.7127018202244,400.1260928535832,168.44505042109327,74.0012657368003,-1209.9378490763218
252.73559229962325,264.8469101100364,319.6939584050154,155.8003507121279,104.20855460926805,-1124.26589684469
207.98295672531802,266.26752298995746,317.20996882246016,160.3478968386839,142.62620587427304,-1144.8460007596534
195.125125229936,305.9790917081663,404.95126332564695,198.3768203549829,184.45036452587527,-1357.385018792876
223.96072044282963,265.29340222259395,357.43200188812744,155.37024243941218,148.49965749672913,-1185.264555352597
209.3344513894136,282.49418070485336,284.8507230803242,155.57920313498875,183.01023524119938,-1147.25034623789
218.69423531854125,227.92222666344043,386.94241737990745,134.96415597688687,159.0277889765257,-1130.41950352531
194.9198845958231,272.86027205390724,310.25778910148495,153.23977447839286,135.6006156631843,-1140.112311880419
264.6890050414114,238.82326695272042,363.9423392207273,171.00160148413104,135.10788506294708,-1121.573659007293
257.99648043741087,254.49625081343663,326.2735171279635,146.1018448385845,165.6309079190755,-1133.904579871889
211.52728684509472,251.3955016970259,383.4494223180053,168.73406305522408,155.19561299622362,-1187.6790028579667
229.13121686613664,279.2655019703011,349.80901337064176,139.44029188536314,202.0342577524402,-1237.5689552038366
193.76790169960128,267.48102131227444,400.04854909177635,168.67467705834352,129.60231275394517,-1248.2886465954437
227.73147010986054,246.11422998765912,266.94592863722045,163.71129474531787,172.7812832374306,-1026.7365585740727
181.3309979819278,261.98042050948555,323.8748670216885,172.20642407260843,145.07394079556582,-1134.6319843803553
208.942438301004,281.74264050780397,407.93435840230285,173.49518750597937,186.90203977605407,-1311.1300844713226
207.34503468842072,264.69080916624716,397.4309295336592,147.5296126585174,178.1781697036545,-1257.5740969871633
195.29079367968126,269.951767054305,344.7725832507247,138.0418494685743,150.43426120517773,-1196.842599504996
233.62230510479804,285.36644454907383,325.0947456038532,152.82717590126362,146.96223111844844,-1207.1988965935402
193.67086548492824,235.86972662117464,272.20543541788896,121.5803237296208,226.54258188770345,-1023.9637326113427
180.6225380994596,285.93063309325316,312.0557118746685,141.5596510566866,128.20738941229257,-1190.1018084815805
234.3608431544072,294.8521135119772,395.74502692676816,163.3317242153951,200.31758079443063,-1334.6114958635596
193.0564833561584,248.5655507422607,411.8438490079671,152.80750047154487,208.85775268845683,-1237.5392133273106
241.366744519078,239.21989711094966,394.7067698573471,172.11380583932444,151.91385697701696,-1164.7618574407456
223.7086639484713,276.28350269902626,363.85008937008826,145.18081626755742,229.57102115789417,-1265.8564325582754
207.71284933096413,258.94646161767014,346.1418139503573,162.0540428997151,158.88001840537072,-1157.3789725476693
235.35269630661116,261.43477151015566,267.99989830295306,172.11391581824645,136.48389808026457,-1049.886059939684
208.83155750073053,275.25513141327724,278.0143244857548,170.99776282355543,187.3152344582477,-1117.5331199341354
244.30763781011055,247.29192378449886,376.13820114625145,151.78301034002808,150.98720648037354,-1154.3727305612333
205.71321730046532,280.12696443050515,407.34310417229165,157.6279329099584,190.52907104560444,-1307.8086671948174
258.99267085411714,255.28706825183394,320.53622192566934,142.73479244821863,127.0688254946505,-1106.2998345180217
235.9193606675196,239.8014585973143,403.33570594885697,140.0065651494781,204.06396926455392,-1214.3833886903806
250.8016243701056,236.3407673896895,333.7376289551707,122.17252835687724,161.4965987013904,-1094.322262114741
218.75117541368772,259.6391807499182,342.13423276753144,142.3354026588264,252.96607275584057,-1185.9233654036268
186.637387076935,284.7658178979888,353.5776545161682,128.87495356088792,232.20658216428248,-1276.0979218155119
273.57223458498294,249.23823490549503,313.07051922949347,138.60674442116658,182.0228958478587,-1093.272704596633
237.124168132671,230.4663681278429,343.6552541037597,164.5997550681665,203.3220968582644,-1071.196961238988
218.66868083632755,267.7265147373804,246.54725002162826,160.53589290447505,184.6418171165329,-1056.6539424542605
275.4532020036289,271.46150979036383,325.9541295736425,156.26934009241762,149.72618757320788,-1160.271037913851
199.25684088548977,279.0518095297259,320.5106475441241,155.22517803792047,214.22731179721038,-1200.2082168074253
280.4410037642674,253.76327319257408,297.82110068894264,130.55650166936178,221.00560542373833,-1094.5735867270948
222.5771735680789,265.01266248755115,388.14484117994766,165.44270294119752,184.79857160285914,-1246.5658170756033
239.4898648896703,272.3314540358689,375.4675218276268,136.59479584783986,117.6157176989956,-1225.6092207618692
215.9934046240369,268.01608147693605,352.8349337830265,188.37464822371848,203.6303680082811,-1202.5111020712661
198.0321221951836,233.71319918281654,336.02728234262537,159.4542280519792,155.30153761357064,-1081.285812511028
224.757857551946,269.35896340809603,297.2245743925967,114.74296131648498,199.0862097516688,-1152.076848240832
251.74656443090686,272.8858152200837,387.60979528838067,171.5713904783183,162.8969033195205,-1245.5628489473315
192.3539235782673,286.64712038011464,332.2007833386566,158.5770775457701,170.68394356691232,-1221.5356997923586
198.70193042993915,278.03147564944936,390.91498455442144,145.97792077551506,98.92007042431885,-1266.5430350776198
199.1116778682096,257.4191686301944,313.17683268138313,152.98113760285563,151.18859668112646,-1115.3125263523525
235.0637759163382,258.31499298330954,388.81876165863383,169.541625638816,171.89756601292294,-1213.7886593948097
196.07866598801726,252.09194774852529,374.38386761162,133.48200918024628,186.94409420062703,-1199.63257529231
204.29504512660458,276.8181549309455,324.3476708704293,155.7181945510819,195.2109280487715,-1197.2772336611
227.63321809815503,264.60706132618753,371.91525072219514,149.6525352081854,180.79112112122462,-1219.0295025453909
218.18088362417384,272.8884021942407,307.4177013588535,170.68777407192616,169.29859489203662,-1141.949569174276
211.30255837141812,289.2703607366298,422.8680840868515,184.7891669808804,202.37040932266197,-1345.2502618820054
261.4939498493497,268.2177716455314,328.9807971709019,141.95924870929986,123.88464206949536,-1154.060193117366
196.6054316273529,254.37521374417545,460.8601864374905,174.93098842760392,183.37051421943727,-1312.9250892091568
227.99708670269692,274.0186410314716,384.3425223839183,133.20707472161033,151.87310099316255,-1256.8185021821755
231.2165060723619,250.74145318074028,284.08740592007575,158.4073902583697,163.11591928284045,-1059.6975400957167
200.9307782474821,277.68475366286367,278.40845602179934,165.4514404519839,150.22294370767497,-1114.588429765117
245.78259830669057,285.0342217912372,399.89679121424797,159.4161308138073,169.81790561089718,-1303.281986226631
174.6673000176532,250.9111033815355,375.4682517838957,153.29055097859649,163.67054448228484,-1186.7269531809081
229.83315504866383,277.3954688016488,363.0409504289557,122.06702140988548,222.86848569917203,-1254.0047315726042
175.5739796991147,265.62438337002123,342.0402153901923,159.23042250449242,136.41010241837185,-1162.7554922485258
239.69488296022166,255.83120080149482,333.3361730481448,119.2936218932349,181.20238888655086,-1155.0914853607671
193.48908629779442,272.028006229598,366.0224199372888,140.95692911065012,137.87462337190559,-1217.237062153461
182.14522935367145,276.3815164235477,310.8374531125423,126.37464748716155,137.18606630050184,-1175.9690662348605
199.5503082085305,235.18461439104962,439.45401127139,154.32692219067332,146.22871975246045,-1221.0772635937908
218.9066744508645,248.7427878492057,367.3634269998645,136.75379171249648,138.4283948845331,-1163.2891725237998
235.93743680014447,277.5830009962338,402.7948219088363,171.88744537502564,204.51703133787453,-1298.450596396376
231.8575859347097,295.4373436067868,284.47304850064995,153.2156762031198,159.9239628179514,-1180.0702516940255
226.09650045690503,270.39064086994597,401.20798291017474,159.94552822865737,189.60112688574185,-1280.0599316757573
198.18790133732207,279.50577777301623,344.54618786466585,133.98766624589405,153.0423827873622,-1224.6625207761135
256.2016921647596,247.2210712292199,340.1464617585642,170.61378353420486,170.10275294433671,-1114.26588474375
210.84613309339775,252.81219471270146,296.7052816046839,171.81997303533825,89.29804843896288,-1044.6721405966182
257.1414815274918,254.07864904452447,374.94785788380545,158.54885596878677,126.58048427967606,-1172.3382072634515
234.3582699710346,265.8270040614378,409.0724775239758,174.77350968638692,120.78721534187557,-1242.475540931429
258.0826465012264,238.4599845832341,341.86368025997933,167.04764474826658,181.56929415729297,-1100.4547198745654
193.18663043676224,264.83862976995107,301.96509642548017,170.48614624829202,203.2420880843836,-1127.6265655475725
200.85574486082768,284.001171527803,408.77286649657447,163.50286909717937,190.60387220978612,-1330.35377938468
200.55940740182868,264.48294966378995,367.32928352191504,164.70255489334332,146.9217468291556,-1200.0449643015622
219.426893948068,261.0130093963202,425.09188539923736,223.27007063832588,113.34978759406088,-1241.6525296006955
220.23837912500102,213.97853349573435,268.7003523631752,151.5376823426239,181.50221194539384,-939.7790537209828
224.93614880747825,241.3456080158181,271.5849793173853,158.00007594206414,193.32023916299718,-1026.5718777129334
271.1507898704721,238.1043669400656,398.23968054431657,149.22272320296725,149.25188628402128,-1171.921404093523
159.13914730771359,298.76348694477224,375.3349270943338,166.3326647957993,166.9884853798119,-1315.4927825389814
146.96914139376426,234.91930453915103,363.52230171543886,189.86181642400035,247.44291925256744,-1130.1032329755753
227.09180915355782,281.69273085186256,355.35267533511023,145.75651077764817,153.69708287178508,-1240.4768679124145
252.68754935938546,264.5172881557416,293.21727092531955,152.15548885732971,130.3847374106737,-1101.9685653478425
247.22625222724912,303.573931659689,465.1824349216821,138.08707872710593,167.0803031698902,-1462.020609517635
224.55739915766446,238.26673833289433,417.6888964489415,144.47813058368934,128.15286288437466,-1202.3524466900344
238.99427722142048,287.16028704945563,353.58247625842546,148.32757332914463,191.17425839186816,-1258.8770141809591
205.50334839486686,260.24308760129725,359.6072212202581,171.84902731216854,131.6380710528633,-1167.3310420877478
194.73307570618763,210.42924828259828,351.07318035759107,142.25002574591718,140.4806337602098,-1033.2358524427566
214.35964090953289,294.01086021265,370.71162162472314,152.87376916266416,168.4643505206652,-1296.66634775801
205.2756744262776,289.62013598357856,331.05784481068645,152.27231326958997,125.18120685594604,-1222.3653821931948
242.82938568889801,255.8245574481676,361.8643073684281,167.36049907683866,202.59523976106374,-1178.7090739348052
237.41043909961476,216.24161958833864,412.6550473168548,166.89502903065662,205.83521747148416,-1132.3927378296996
223.61355444674632,253.77725373049327,383.5350339999202,203.5003678438652,194.73748210365943,-1197.4563316118174
188.9345372872913,247.39096425690042,408.113228830016,138.41270239752905,166.0477993019813,-1215.9671847510995
208.63609341838745,249.85243795063224,356.68159992331624,166.5067963783459,113.49616164081428,-1139.5160133021284
141.5113638436011,284.4808518434319,327.8879904083877,195.51760068671862,172.183351819407,-1199.8904272234968
225.62225410870326,297.4005734014757,408.8315418974305,133.22953048439254,135.24842596423736,-1358.653202473622
246.03936540479768,285.7680509963393,367.5534526153463,149.07509284321273,154.38414258792426,-1264.0542218795165
162.95206299957616,271.76197814744364,338.6405768736078,146.88751959826476,110.04695092270927,-1184.2056646814958
231.62302101107946,239.45127632696057,351.0854508287762,156.64809990147424,238.30690563792268,-1135.25657315641
141.94264371001373,284.19795169587513,454.68151906141685,141.38961284700605,175.08723034064633,-1401.8396068428547
232.05256836999038,287.06491384111064,358.03271184582763,155.27577939644223,130.97977554496822,-1245.2151066367294
264.439857307233,270.78020885867414,368.7537259684785,147.2407055947967,104.76978369666513,-1210.9393166940874
212.03728532475742,243.49849605350016,260.5743903479682,145.42186612815294,168.63277599870187,-1001.0360027689303
235.99326828890761,280.4264008748416,340.1014698330545,157.1563665531372,110.70573413277796,-1195.7463827380914
195.3313181815541,229.00394723914584,343.47038347925644,191.3688584631231,177.24889255524639,-1069.4242371940793
196.8667079662817,241.88514978994286,359.29341296310423,183.018629017349,145.62204170535136,-1116.0805444394157
248.3373810030719,265.04580639437984,432.07297394804044,160.56734133687388,214.0055588372583,-1298.8606133923645
226.24919748790057,290.1191225932192,316.9539735801589,127.44492372700728,153.16632065502102,-1220.1788448676186
217.50282095434434,253.45830042956143,343.01949912170375,148.73025191852096,117.14155989049877,-1131.2742562926885
233.31070192134547,245.08108596571208,275.5727483940927,164.1203812713369,153.05629138735696,-1021.2683635379072
222.05371983239291,276.49409672472433,359.6964536857982,150.04740903128544,187.37814261684898,-1236.465325605876
212.8780661235621,273.16953492825724,296.7273177144172,186.74402536492929,156.72624120049906,-1124.080818616912
196.62643850243333,240.98486474534374,361.89051199962415,167.15129242193623,180.67904731067588,-1133.8964213859053
222.83550404867253,290.85534053371896,351.64991163761243,144.98138314967682,140.42204832386855,-1249.5636850939075
228.11304543328237,237.9310749574634,371.1576682087621,161.44002538300418,186.42232319466584,-1139.861901483535
230.02664390131687,264.331180879503,296.42666537701376,154.65979405530578,153.82894587905105,-1107.5498107071808
221.68698449878224,250.5300145243061,369.27285508655916,185.922597752053,144.3648183360101,-1142.4411994402058
191.1771652553622,267.6876168507564,316.14551132240484,159.67810125102278,132.45139784732535,-1145.539257071326
218.00823399905272,291.85840629027814,403.7813188091027,157.88798937312663,153.38325002733797,-1333.3734744311744
223.50230986657527,268.35016024345606,341.60896283003035,169.50537281265605,194.33150816850585,-1185.3360785521206
186.2997769648011,245.33069908988884,337.93083216830433,170.57120629250832,201.551433190795,-1108.2467480653172
259.5249156818299,227.53040425281225,372.2272326760097,123.71322054418691,159.5552087382882,-1105.0565814216634
211.35920636825142,274.0756573731108,305.4336284152372,162.64882772981238,194.497036983614,-1147.8111420214232
188.92625172072837,248.18322152304032,287.0481795916861,142.93096661419816,165.28068924623932,-1056.838553432119
239.81070194554587,263.4108713268972,341.86835341314134,185.7556353415759,168.52859209928195,-1144.8205148159375
249.49265035825002,270.522149846723,412.9039306781948,195.9114851959549,144.72618202404743,-1263.883492168044
211.67683902958407,260.79480603749556,348.7151199765345,120.84314862536688,139.7753248776582,-1171.3269415169855
214.30835801417388,255.26081413716136,338.44139578780096,164.15805389397678,144.44220407153568,-1129.6132483394365
258.3822719931486,260.4559296887616,369.2781624424617,171.81639882530231,122.80049194099085,-1172.5288110251465
187.9284668647093,273.2678187211408,371.72394123180914,140.74467784516406,202.072716496936,-1259.2989511085914
215.7110012842987,270.55791639135055,335.0600718563813,177.34661381272994,184.72217687318013,-1173.0799592374156
184.61399845468716,267.47634634144606,275.1401479810648,154.6984348498907,144.10628086458215,-1087.5117496407086
229.88864865995637,254.8911365802483,252.6556004570947,135.84009772668054,132.84625701230829,-1021.1000936005953
206.56749728800727,263.1059000686063,335.81576432191395,128.8376969310817,163.2322635037522,-1171.6649172336286
237.7033996114637,294.3363687601717,375.1730420301946,129.52833580058376,138.32669492140957,-1299.4512231145509
193.41395043169305,262.9595612414693,349.94729845201266,155.92855757403012,234.73047840604156,-1193.2045504408725
219.85453785421677,264.7125557483579,366.63571701360115,166.52570765610085,144.8219024071006,-1199.4210924083027
184.86873996130052,251.27254000058792,362.9152501070666,151.43237275523902,205.90444753213745,-1183.4259772656274
253.0026535079936,275.8076427244785,363.9240413288317,162.41153420177844,160.20150288155457,-1228.8860621883334
196.64337991834546,270.9282411639045,357.23148773953085,198.30722371113876,143.4488990959688,-1190.351713105721
190.08804104634575,275.9173735737823,339.5292187168087,162.730888773038,145.26939296347834,-1199.044035005908
219.6081412325952,274.8158627130833,319.17931175625387,182.1746092646799,119.678600666325,-1138.94287468794
208.86887675809865,211.28551114174576,331.1787316665526,157.0434133661428,212.0679292277314,-1023.3020641961044
237.9161126605141,275.186005588044,391.0130033375828,156.80006567484682,169.67776475319837,-1271.484008181122
192.57795708388528,250.89292203449884,362.63212874915206,142.25456278825575,136.16639746376325,-1169.537744741
218.49140376976695,241.35548526964402,339.0078338718737,129.6625927536397,168.30569996544602,-1109.990816369783
202.45897382112372,256.12914095916665,376.12797869593663,161.8302916960474,179.21919937235276,-1191.061837464844
202.04101028556647,248.5935504050661,408.7259293466226,177.26219072706772,152.6483506412466,-1212.9775235376487
204.85773135820816,246.9912427200692,364.01027445668274,147.0242651814937,171.79205918015526,-1167.0266186251931
193.8157142913569,261.34699972967854,321.6975702902056,136.7927356942395,215.7242806861317,-1163.9227934527926
282.32354386310806,283.6667428654469,262.20820330997816,169.39355149080484,105.00947609854131,-1088.1628830369386
245.93122888427388,267.82623566669696,377.59597336271065,180.84600985555988,156.39907207706025,-1220.897274692544
204.58519232572831,248.5140386759368,301.63430493210643,175.13081140962868,151.94486313374475,-1057.07618436284
193.4677962655359,243.4255466225385,239.63769848245516,181.0684549870972,214.41463710316958,-973.8570741368053
198.9238534298873,274.6503830929013,292.33089517315534,191.6388811241694,169.90880269818456,-1121.011244564284
198.51263595983815,270.70576258946954,406.46096766866685,168.271532701684,145.29489928516796,-1274.5662100952609
247.71003144325738,275.45334939216224,309.3269242938935,182.262750069264,121.90329126320358,-1140.7156536603052
223.7438466269153,230.904266005609,333.6476258952686,172.63572985346744,148.16781696084874,-1058.907351177951
246.42001365754638,263.94118782170915,309.69120460038584,168.59650755065152,174.30608410274837,-1125.6787924049884
206.92798449231725,269.5405111635726,320.25509412108977,175.89443938910227,151.02279606228325,-1143.0932419830576
201.11522110238042,293.21770364248647,354.85054585111135,176.7005290690358,137.50114832600323,-1254.7652298842909
210.55500883451785,257.8699423162556,330.68626728114947,144.47920814866978,171.82747376759454,-1147.4658281233467
197.0413742954886,254.36045482898885,364.3670967673565,161.91969855285842,179.12768989839324,-1175.644098913796
239.45962311956694,281.8220716955218,323.2701581487089,154.64471653389313,160.28314681993965,-1196.7450981307902
248.02553433521317,280.49698296288557,333.50229232039845,178.7522298978031,132.28066462972703,-1184.6094794931896
232.83750907614467,273.81791312692746,343.10728866951365,162.2483727630456,162.22409244062504,-1200.6067789250485
209.82538221046292,253.2524744523642,343.76104229132494,148.98906726847991,143.09463965216602,-1143.7136845596954
194.8321464442005,278.79378978819216,374.18438239756136,143.28366498069238,174.49000847745629,-1276.5513035054928
189.67426619109875,258.94476724130845,355.8089414186866,171.1921607911639,109.56145186768957,-1155.1345891203473
240.08249712669917,263.0405202415098,402.5779130915332,123.5773148108818,177.61459410762365,-1262.1596353837645
212.9896255941311,272.8161391207984,338.74904455906966,157.4220931377036,172.46761924970704,-1193.4531939662932
198.91641172435484,269.6600660336417,376.4776900586657,171.43504516231982,194.75805840554833,-1243.0634199445053
203.5397972307044,257.66751582935325,361.1147620150434,165.74652183827249,168.67827465324655,-1176.3911901345684
206.6034392180133,269.67444053098444,376.4530726637388,162.4577841243429,142.9183004290873,-1223.951779878004
230.9286997952433,292.6720806359204,245.04379327057964,151.35175298710578,225.37889838315567,-1127.3144955333632
213.60287754439082,274.13644068105395,324.1302877244738,147.62485647765317,167.96112058277487,-1184.9769375029891
220.2320361252113,253.55109448543132,338.45164769560625,141.92989717019796,176.25737802006412,-1144.0204176973461
170.86568759007258,258.2684433242074,362.5865132254073,140.50586908095454,112.95249333996478,-1177.018687207608
204.80232629406362,301.73122221630564,411.2417630353997,133.66112117758422,205.87021091022143,-1396.1961261617623
213.1481592333426,240.52658288782123,374.3140316917464,186.328871907062,182.8590845506813,-1143.3039879193095
201.4788894873221,257.2949237301829,404.0980457863559,133.56421125073308,110.2288233007188,-1234.9461121179215
226.5665407355966,265.1052750858546,376.801622744692,177.54409283006837,173.75668283823813,-1217.778109668762
199.60276763553463,261.66484211781255,368.7088317546441,141.04642496339193,170.69551209900098,-1206.751407198754
192.9797237597419,277.6669509794621,343.8122790112986,143.39478041718192,157.36035203830946,-1211.7034861048849
238.29752069892663,279.79330237782244,347.8440852038247,129.74478755627808,225.3555047170271,-1248.1939995214818
234.75687454651995,232.2873787177176,330.0840213627072,176.3956331514814,106.34250061480915,-1049.430655726181
210.63478894225474,230.64378411610193,336.6370343971763,144.02017188152237,131.67924345529937,-1073.3278170440435
245.0260547279008,272.20312640829275,321.3330743818807,164.70681862811125,164.85175853711903,-1161.137465911922
218.81784939145302,275.291662995345,392.72435039043677,116.74147538058298,161.89218395945204,-1279.7213315186693
228.19326554579987,242.52372443323392,302.66675780483934,194.7764999180146,141.42504470358287,-1032.359801004594
213.41194150432483,280.8956882949557,377.1975281776466,148.15272942281308,136.72240124557172,-1260.5461990867345
283.0163385610049,271.0108015485684,305.37664127669115,155.1987811584496,209.0598149166377,-1148.3497499752875
183.70532871000697,280.69167270078117,355.6527333619545,164.0005100785397,166.4344927833948,-1236.8531753150094
214.93205713705902,251.85816215212742,341.0602430495373,147.83224345632615,190.8748740071373,-1136.009400003369
180.2273660323999,235.58332687916115,326.66006385731686,148.1857207614457,147.5022560793659,-1080.0444927769956
241.50605258838908,249.28317084040646,385.4879162792009,152.91976443936744,173.17712627250614,-1193.9862279892768
228.18654728746225,274.8352039537341,300.72431195525587,160.4278366770256,191.25912764498193,-1140.9452519095885
228.07536430328625,284.7464178007105,353.9892479338088,123.39421994238674,182.49761222930118,-1254.2184532950705
170.72167635942145,234.17106302850928,359.36591918550215,163.74431090740975,215.4106897809984,-1125.6554963201759
179.7892904393089,239.1310638742916,398.37602787839904,163.81540435231736,138.20897079380777,-1170.5840856283614
176.768590536905,269.7016980921322,360.5534967494562,189.34093220381908,103.32812771507841,-1177.4085421338693
219.20956695787243,264.1484206021097,319.55221307244227,195.24477093937242,176.03270012515148,-1124.954060084504
225.23642354639992,260.90054971431505,367.0168030359179,139.69610737595244,155.11355830508222,-1198.9797942490293
214.86754422150403,268.1380391890188,342.91723775076645,156.83727336285205,140.6691838084742,-1178.6379768017212
231.2101590176017,222.22514913734585,351.9582526886537,155.9841361337159,245.49798824683418,-1085.5370462534397
234.0418744181752,260.759275530183,442.8233543146977,183.1222960276852,185.8828331058384,-1288.7899082372392
204.88652624255766,273.0627125470494,366.12985635006515,146.697572508381,99.13430291912307,-1222.2184081944686
195.44266082078988,260.36463297616365,278.30787152313917,149.23411628748292,212.55331579624,-1080.3519370310437
221.82697990845244,268.2920794548647,310.613201871258,164.4374895627173,160.04797109932863,-1124.4313121519626
164.84244115496026,242.37904829888183,349.53915118213655,134.38456413043914,131.76153740427452,-1125.0638325684506
265.30962451738185,265.0206669202684,330.52184167383007,164.92814059078714,124.61775798051977,-1131.4862120402322
209.9123635377846,286.2642727071878,371.4876306883338,143.20864016049987,156.02767226554482,-1279.074155641884
200.60670515778926,239.31317750403161,353.36862065667015,170.51486942446613,172.50068901621125,-1116.6384945994098
222.8069500927208,271.9058259924594,323.9688158583613,135.2973845785094,181.1568652858483,-1179.0170183631906
290.5282366747875,241.6139345190121,354.14998561024214,181.28702058635972,125.5383770042518,-1099.330121140662
230.4587455019632,273.2353003248053,323.085815548343,177.85254211396756,139.18315124770123,-1157.3640121687022
184.3354159107193,274.78717929653976,379.7490150466446,166.55253736720948,156.7821118316046,-1246.5894633872356
181.0695792568657,261.52486050866804,357.9727596073401,182.4483508339381,156.26122433985574,-1171.9343492493053
231.66695410824119,264.31419943463203,322.1488252907016,190.65176550180541,198.9010097321789,-1144.267172241685
201.63202162399503,269.7722291656463,311.1988377969253,171.98100165603012,170.45010738448903,-1138.2533681053876
202.41921120639748,256.83233647612894,299.9875838760541,161.59096762436226,143.81683230362228,-1087.3916055669838
221.0586786748376,268.1541184752871,346.2839713402065,149.50692060050224,188.2537561635577,-1189.704941690164
226.58976708052845,282.7825045236232,389.80743845416,170.4608929525541,152.19324260722232,-1285.19870219455
211.5398877386889,254.55565196389242,381.55229011780665,177.0317025184615,211.26923467727698,-1201.082834310999
215.8985371895444,264.4725337121448,341.6014398228462,150.47147148680583,132.165846115369,-1166.2039003595728
216.38190044659527,256.4078009578448,300.4493694727842,171.7578285630148,220.21855512563545,-1095.7550924817945
184.7500098285857,258.31413172951807,359.4886958281826,160.10870326616413,249.64596143921727,-1197.0586703615456
191.9376503035288,254.61839021443038,381.4998515007665,172.18333858497195,154.13030747616043,-1195.8392259897478
195.21979008269557,256.6752188803661,363.87944878353073,160.03871740266206,106.1857788862203,-1164.536514673892
209.29969161202115,259.7183554589124,305.74945717108903,152.56812152784167,110.05538747423991,-1101.2187096884006
201.66726442140137,271.48760481212656,354.8049978819749,142.46415570649333,131.60117326896204,-1216.7218611673802
193.13264397236446,249.48886406219088,271.65170416338157,144.48041587067328,180.97827488382245,-1040.1063096424914
183.0281177451973,242.591403953654,273.32060452144384,155.65405577200218,196.3275950741639,-1029.6657102564748
235.92398087479995,260.31399686149217,372.6793774642836,161.52101405102263,148.61799721676124,-1187.4310919119107
210.92398958015332,252.1475788185029,354.10415903712294,170.6418688844389,140.6462978841642,-1143.8836581386106
221.82101617131028,286.3044592214615,359.0867888333581,171.86464282900445,157.69750127033404,-1254.0246762098332
213.31390215857598,266.5873409780409,302.20845055815283,185.1745597520486,150.31728997523447,-1107.4086684555732
182.85507123368615,258.96361186345337,301.85153844967977,164.85165204471062,171.4877935094589,-1115.8014598474006
209.99104420241957,260.92521335730504,325.91354020613863,171.20527809822718,135.10730633840691,-1120.2558183807246
148.88887578592406,309.85079535852464,375.0270408130095,154.41014531846125,156.67976115156787,-1346.489668765044
205.94667860376893,235.00288646468312,439.19581645645724,151.38347472964207,109.20272168169778,-1212.5894899129084
176.06937501479385,275.16645196029737,379.2317350286534,170.64054969329803,171.15585259727573,-1254.915919083864
180.1753964530474,250.5813752643897,302.68994499796867,160.17043659958168,134.4697891678789,-1066.6091633128678
228.0719408806513,285.3393895311217,384.1284489921079,163.55310281146166,154.30058942277972,-1280.5370881182237
195.8227569148754,248.4053498178529,401.78429795687856,194.22546119310704,197.91614048300582,-1201.1935410260705
209.33557664371915,258.3372084758328,338.3335426517245,150.36598471415175,116.86033052441256,-1132.9402544869447
182.0260907862164,258.28782529716005,312.0061132584013,156.01915701046983,217.83620783124016,-1137.4472164563429
224.91292017049759,274.31843436040384,318.62348166655215,118.39149861393742,156.4891227844569,-1175.3697471653445
236.436212839646,277.5914843490521,400.3405140883828,166.19890730846802,138.83816561829502,-1279.6407243160947
195.56227021608487,263.67396408141377,337.41563224023906,164.69072270801158,182.76583344042137,-1174.9335417182772
187.50331564656383,295.71047672150195,366.0446476935528,181.91304944754228,143.4392805795107,-1289.792271571513
208.131723655084,275.9728822082075,364.969823426028,128.199331572266,173.60717387075638,-1244.3729634323856
231.28495443092942,240.1605139847149,314.7271753492769,186.52217581539853,187.04780867020656,-1057.8064556346537
208.82113054299683,314.81837777330463,407.7789764281591,127.68835118300457,162.1960960729713,-1415.8257128249313
191.1950003854671,252.27721377834771,414.96338567630585,122.16882050951556,211.082460386263,-1258.553569428364
229.6275453346853,267.16782564993196,366.56101217625616,165.60266828645257,133.6559399855628,-1190.6436749608274
168.2620175585571,259.37497322558767,434.67670220849215,195.8539241299961,142.42310727536184,-1272.1274794022
195.5225404323019,253.08292321901826,326.2447136660845,132.94750051269446,119.5424889885145,-1119.3198671021596
200.62898339459446,271.53221810329023,320.96672705149416,157.44696405435954,124.09937391127308,-1154.8413388346394
227.28451050570615,286.5796494033043,361.9476092561216,176.84558445588962,209.9728018612563,-1264.2353432823986
206.3445929205862,258.9007981564173,317.74583337015565,161.702019483952,195.74814228843744,-1132.5556965761755
183.645505459228,272.75376506598303,282.604744140108,193.8092805391238,173.11178667775903,-1110.1386231030592
231.92917727844048,265.3052190234071,373.47562326848333,132.2223652230524,139.06160970085426,-1215.004505691029
207.9891664529659,231.17266925426082,411.2218562513288,158.20503599560737,113.6392671252863,-1151.122251407336
215.39895709397572,269.4235095280019,338.72082274915454,143.80301671386184,113.88669197166334,-1175.5810674516115
231.76088471732712,234.82974064386917,381.94098351454767,165.48789467538518,147.59022252449975,-1139.8646014245562
202.88847070102756,255.52874335301502,295.5071945317288,163.30293792236083,220.1543477041742,-1092.0486524942958
182.07505786397937,279.10548176964886,393.53511429246544,161.9254726077928,197.8689833282219,-1304.0322376590293
173.59019501422046,285.122519706072,323.23837005937685,149.1812831306126,219.1500129508811,-1229.919690110109
188.05477369156898,212.51195615076156,402.3685615757548,157.34520499247412,204.35312232787751,-1125.1599078638867
210.45759011851158,264.36139795321776,248.5882010596957,156.71217583404268,225.6964937744819,-1067.112563938397
271.65789607269875,283.79281317405724,327.7770420510409,150.49515460356795,152.72423869895815,-1197.427507635197
209.98100762141362,250.13368962204729,349.2578381029682,163.11580807654002,129.8588284698607,-1127.9075676611587
163.15379943998718,295.6041346197335,338.857686603857,148.28909552421248,150.0933725690553,-1253.4137107237316
209.3594213151844,298.39500276648687,420.0621957733921,153.72142036727786,165.18081441438886,-1372.9231971439115
201.6371101437468,271.7509017490593,391.86677776582366,127.20043431718544,202.3570887246326,-1286.3830242449574
213.2534823427179,262.06526947289103,377.87240232207597,159.40297367898356,179.4310625455366,-1206.8700076444811
192.59996442488884,280.5193043888468,376.4228009242769,169.67484483262587,151.35097431910074,-1254.7956111524766
234.5145722910133,245.5485890893943,333.29290920269864,164.6945075195206,153.39751077306818,-1096.485422615921
243.45262994971984,269.2812783862004,347.5124985315725,164.30842312022182,158.89700558644628,-1177.3631650345
227.6697173919579,261.8739453232465,365.4044620143082,184.2149744018293,122.81283451136595,-1165.96072948843
247.91474387213626,272.6942659351186,330.0649557251395,150.14923230349243,176.3881842755587,-1187.2341945400065
242.4248888672616,257.28968159458657,360.3171640020379,151.11572753393628,213.70209403078036,-1178.0606597173924
177.69089200735826,258.5730091853905,314.8087452320492,168.14388607192302,193.2124490475146,-1118.3066339575637
165.55342321720389,255.97184541033337,367.67195198726137,135.54716021188443,145.0395695008506,-1181.1625795648765
236.65577473799308,291.3088899857597,350.12252937990297,167.31864834705416,163.4891861404354,-1247.6507576447373
234.8167936785196,246.9902452534482,408.29019812320433,133.33195185930094,169.88913967484538,-1223.1367529385159
258.11773062607637,257.8001829225121,362.85443108892287,153.721542003388,100.98289586387544,-1153.9136726549275
246.20297675021285,293.56731348314923,318.0340445541272,155.83866386025542,177.12675857793255,-1217.8298029778425
261.06215105311014,252.09984502232132,370.74276759843315,132.40473938916855,232.4529972042426,-1203.2691098233313
240.75600730313332,255.5296433194323,404.99671598030443,169.68362156242063,199.85576888733846,-1231.6812993752733
214.16262392949366,267.52717181288466,334.82461984228746,158.3516324921328,144.97017546605468,-1170.1731514694507
228.8959427833546,284.8158994541361,358.2843913927745,133.88340593022616,165.49312833907604,-1261.9113273065088
212.703627482894,283.3993385838235,345.33729809927826,169.74046807994944,217.32589366161247,-1236.9696888862456
211.13080493259187,224.56471593886917,384.5722855307425,127.15773776138643,170.76285297360388,-1143.2494382808495
